,order,family_w_n,family,scientific_name,coastal_fish,avr_identity,avr_lod,water_area,habitat,depth_s,depth_d
Taxa0001,Myxiniformes,001_Myxinidae,Myxinidae,Eptatretus atami,D,100,MODERATE,S,bathydemersal,300,536
Taxa0002,Myxiniformes,001_Myxinidae,Myxinidae,U98.5_Myxine garmani,D,90,MODERATE,S,bathydemersal,500,800
Taxa0003,Petromyzontiformes,002_Petromyzontidae,Petromyzontidae,Lethenteron spN,F,100,MODERATE,NA,NA,NA,NA
Taxa0004,Squaliformes,037_Somniosidae,Somniosidae,Somniosus microcephalus,D,100,MODERATE,BS,benthopelagic,0,2200
Taxa0005,Squatiniformes,040_Squatinidae,Squatinidae,Squatina japonica,C,100,HIGH,S,demersal,NA,NA
Taxa0006,Rajiformes,048_Rajidae,Rajidae,Amblyraja georgiana,D,99.4,LOW,S,bathydemersal,20,350
Taxa0007,Rajiformes,048_Rajidae,Rajidae,Bathyraja kincaidii,D,99.4,LOW,NA,NA,NA,NA
Taxa0008,Rajiformes,048_Rajidae,Rajidae,Bathyraja matsubarai,D,98.9,LOW,S,bathydemersal,120,2000
Taxa0009,Rajiformes,048_Rajidae,Rajidae,Rajella bigelowi,D,100,MODERATE,S,bathydemersal,650,4156
Taxa0010,Rajiformes,048_Rajidae,Rajidae,Rajella fyllae,D,99.4,LOW,S,bathydemersal,170,2050
Taxa0011,Anguilliformes,074_Anguillidae,Anguillidae,Anguilla japonica,C,99.93,HIGH,FBS,demersal,1,400
Taxa0012,Anguilliformes,074_Anguillidae,Anguillidae,Anguilla marmorata,C,100,LOW,FBS,demersal,1,400
Taxa0013,Anguilliformes,079_Muraenidae,Muraenidae,Anarchias sp Ansp,C,99.84,LOW,NA,NA,NA,NA
Taxa0014,Anguilliformes,079_Muraenidae,Muraenidae,Echidna xanthospilos,C,100,LOW,S,demersal,NA,NA
Taxa0015,Anguilliformes,079_Muraenidae,Muraenidae,Enchelycore anatina,C,98.8,HIGH,S,demersal,3,60
Taxa0016,Anguilliformes,079_Muraenidae,Muraenidae,Enchelycore pardalis,C,99.97,HIGH,S,reef-associated,8,60
Taxa0017,Anguilliformes,079_Muraenidae,Muraenidae,Gymnothorax chilospilus,C,99.7,HIGH,S,reef-associated,1,45
Taxa0018,Anguilliformes,079_Muraenidae,Muraenidae,Gymnothorax eurostus,C,100,HIGH,S,reef-associated,1,74
Taxa0019,Anguilliformes,079_Muraenidae,Muraenidae,Gymnothorax isingteena,C,100,HIGH,S,reef-associated,3,30
Taxa0020,Anguilliformes,079_Muraenidae,Muraenidae,Gymnothorax kidako,C,99.98,HIGH,S,reef-associated,2,350
Taxa0021,Anguilliformes,079_Muraenidae,Muraenidae,Gymnothorax leucostigma,C,99.4,LOW,NA,NA,NA,NA
Taxa0022,Anguilliformes,079_Muraenidae,Muraenidae,Gymnothorax meleagris,C,100,HIGH,FBS,reef-associated,1,51
Taxa0023,Anguilliformes,079_Muraenidae,Muraenidae,Gymnothorax phasmatodes,C,98.8,HIGH,S,demersal,NA,NA
Taxa0024,Anguilliformes,079_Muraenidae,Muraenidae,Gymnothorax pictus,C,100,HIGH,BS,reef-associated,5,100
Taxa0025,Anguilliformes,079_Muraenidae,Muraenidae,Gymnothorax reticularis,C,100,LOW,S,demersal,NA,56
Taxa0026,Anguilliformes,079_Muraenidae,Muraenidae,Gymnothorax thyrsoideus,C,100,HIGH,S,reef-associated,0,30
Taxa0027,Anguilliformes,079_Muraenidae,Muraenidae,U98.5_Enchelycore anatina gotu1,C,98.13,HIGH,S,demersal,3,60
Taxa0028,Anguilliformes,079_Muraenidae,Muraenidae,U98.5_Gymnothorax kidako gotu1,C,98.22,LOW,S,reef-associated,2,350
Taxa0029,Anguilliformes,081_Ophichthidae,Ophichthidae,Brachysomophis crocodilinus,C,99.4,HIGH,S,reef-associated,0,30
Taxa0030,Anguilliformes,081_Ophichthidae,Ophichthidae,Neenchelys sp KAUM I 113282,D,100,LOW,NA,NA,NA,NA
Taxa0031,Anguilliformes,081_Ophichthidae,Ophichthidae,Ophichthus erabo,C,99.55,HIGH,S,reef-associated,NA,155
Taxa0032,Anguilliformes,081_Ophichthidae,Ophichthidae,Ophisurus macrorhynchos,C,100,HIGH,S,demersal,NA,NA
Taxa0033,Anguilliformes,081_Ophichthidae,Ophichthidae,Pisodonophis zophistius,C,100,LOW,NA,NA,NA,NA
Taxa0034,Anguilliformes,081_Ophichthidae,Ophichthidae,U98.5_Brachysomophis crocodilinus,C,84.9,LOW,S,reef-associated,0,30
Taxa0035,Anguilliformes,081_Ophichthidae,Ophichthidae,U98.5_Echelus myrus,C,91.3,LOW,BS,demersal,3,550
Taxa0036,Anguilliformes,081_Ophichthidae,Ophichthidae,U98.5_Xyrias revulsus gotu1,D,94.8,LOW,S,demersal,146,209
Taxa0037,Anguilliformes,086_Congridae,Congridae,Ariosoma scheelei,D,99.7,MODERATE,S,reef-associated,9,55
Taxa0038,Anguilliformes,086_Congridae,Congridae,Ariosoma shiroanago,D,100,LOW,S,demersal,NA,NA
Taxa0039,Anguilliformes,086_Congridae,Congridae,Gnathophis bathytopos,C,100,MODERATE,S,bathydemersal,180,370
Taxa0040,Anguilliformes,086_Congridae,Congridae,Gnathophis nystromi,C,99.92,LOW,S,reef-associated,144,577
Taxa0041,Anguilliformes,086_Congridae,Congridae,U98.5_Gnathophis bathytopos gotu1,C,95.2,LOW,S,bathydemersal,180,370
Taxa0042,Anguilliformes,086_Congridae,Congridae,U98.5_Gnathophis bathytopos gotu2,C,97,LOW,S,bathydemersal,180,370
Taxa0043,Anguilliformes,087_Nettastomatidae,Nettastomatidae,Nettastoma solitarium,D,100,MODERATE,S,benthopelagic,415,610
Taxa0044,Clupeiformes,095_Engraulidae,Engraulidae,Encrasicholina punctifer,C,99.96,HIGH,S,reef-associated,5,35
Taxa0045,Clupeiformes,095_Engraulidae,Engraulidae,Engraulis japonicus,C,99.97,HIGH,S,pelagic-neritic,0,400
Taxa0046,Clupeiformes,095_Engraulidae,Engraulidae,U98.5_Engraulis japonicus gotu1,C,98.2,MODERATE,S,pelagic-neritic,0,400
Taxa0047,Clupeiformes,095_Engraulidae,Engraulidae,U98.5_Engraulis japonicus gotu2,C,98.2,MODERATE,S,pelagic-neritic,0,400
Taxa0048,Clupeiformes,095_Engraulidae,Engraulidae,U98.5_Engraulis japonicus gotu3,C,98.2,MODERATE,S,pelagic-neritic,0,400
Taxa0049,Clupeiformes,097_Clupeidae,Clupeidae,Etrumeus teres,C,99.98,MODERATE,NA,NA,NA,NA
Taxa0050,Clupeiformes,097_Clupeidae,Clupeidae,Konosirus punctatus,C,99.97,HIGH,BS,pelagic-neritic,NA,NA
Taxa0051,Clupeiformes,097_Clupeidae,Clupeidae,Nematalosa nasus,C,100,HIGH,FBS,pelagic-neritic,0,30
Taxa0052,Clupeiformes,097_Clupeidae,Clupeidae,Sardinella lemuru,C,99.68,LOW,S,pelagic-neritic,15,100
Taxa0053,Clupeiformes,097_Clupeidae,Clupeidae,Sardinops melanostictus,C,99.98,LOW,NA,NA,NA,NA
Taxa0054,Clupeiformes,097_Clupeidae,Clupeidae,Spratelloides gracilis,C,100,HIGH,S,pelagic-neritic,NA,40
Taxa0055,Clupeiformes,097_Clupeidae,Clupeidae,U98.5_Sardinella lemuru gotu1,C,97.1,LOW,S,pelagic-neritic,15,100
Taxa0056,Clupeiformes,097_Clupeidae,Clupeidae,U98.5_Spratelloides gracilis gotu1,C,98.2,HIGH,S,pelagic-neritic,NA,40
Taxa0057,Clupeiformes,097_Clupeidae,Clupeidae,U98.5_Spratelloides gracilis gotu2,C,97.6,HIGH,S,pelagic-neritic,NA,40
Taxa0058,Gonorynchiformes,099_Gonorhynchidae,Gonorhynchidae,Gonorynchus abbreviatus,D,100,HIGH,S,demersal,50,100
Taxa0059,Cypriniformes,102_Cyprinidae,Cyprinidae,Abbottina rivularis,F,100,HIGH,F,benthopelagic,NA,NA
Taxa0060,Cypriniformes,102_Cyprinidae,Cyprinidae,Acheilognathus cyanostigma,F,100,MODERATE,F,benthopelagic,NA,NA
Taxa0061,Cypriniformes,102_Cyprinidae,Cyprinidae,Acheilognathus typus,F,99.4,HIGH,F,benthopelagic,NA,NA
Taxa0062,Cypriniformes,102_Cyprinidae,Cyprinidae,Barbus barbus,Ex,100,HIGH,F,benthopelagic,10,NA
Taxa0063,Cypriniformes,102_Cyprinidae,Cyprinidae,Carassius auratus subsp,F,100,LOW,F,benthopelagic,0,20
Taxa0064,Cypriniformes,102_Cyprinidae,Cyprinidae,Carassius auratus subsp KINBUNA,F,99.8,LOW,F,benthopelagic,0,20
Taxa0065,Cypriniformes,102_Cyprinidae,Cyprinidae,Carassius cuvieri,F,100,MODERATE,F,demersal,NA,NA
Taxa0066,Cypriniformes,102_Cyprinidae,Cyprinidae,Carassius gibelio,F,100,LOW,FB,benthopelagic,0,NA
Taxa0067,Cypriniformes,102_Cyprinidae,Cyprinidae,Cyprinus carpio,F,100,HIGH,FB,benthopelagic,NA,NA
Taxa0068,Cypriniformes,102_Cyprinidae,Cyprinidae,Cyprinus carpio haematopterus,F,99.99,LOW,FB,benthopelagic,NA,NA
Taxa0069,Cypriniformes,102_Cyprinidae,Cyprinidae,Gobio gobio,F,100,HIGH,FB,benthopelagic,NA,NA
Taxa0070,Cypriniformes,102_Cyprinidae,Cyprinidae,Hypophthalmichthys molitrix,F,100,HIGH,F,benthopelagic,0,20
Taxa0071,Cypriniformes,102_Cyprinidae,Cyprinidae,Nipponocypris temminckii,F,100,HIGH,F,benthopelagic,NA,NA
Taxa0072,Cypriniformes,102_Cyprinidae,Cyprinidae,Opsariichthys uncirostris,F,100,LOW,F,benthopelagic,NA,NA
Taxa0073,Cypriniformes,102_Cyprinidae,Cyprinidae,Pseudogobio esocinus,F,100,MODERATE,F,benthopelagic,NA,NA
Taxa0074,Cypriniformes,102_Cyprinidae,Cyprinidae,Pseudogobio esocinus Clade A,F,100,MODERATE,F,benthopelagic,NA,NA
Taxa0075,Cypriniformes,102_Cyprinidae,Cyprinidae,Pseudorasbora parva,F,100,HIGH,F,benthopelagic,NA,NA
Taxa0076,Cypriniformes,102_Cyprinidae,Cyprinidae,Rhodeus atremius atremius,F,100,HIGH,F,benthopelagic,NA,NA
Taxa0077,Cypriniformes,102_Cyprinidae,Cyprinidae,Rhodeus ocellatus,F,100,HIGH,F,benthopelagic,NA,NA
Taxa0078,Cypriniformes,102_Cyprinidae,Cyprinidae,Rhynchocypris lagowskii steindachneri,F,100,HIGH,F,benthopelagic,NA,NA
Taxa0079,Cypriniformes,102_Cyprinidae,Cyprinidae,Rhynchocypris oxycephalus jouyi,F,99.7,MODERATE,F,demersal,NA,NA
Taxa0080,Cypriniformes,102_Cyprinidae,Cyprinidae,Squalidus chankaensis tsuchigae,F,100,LOW,F,benthopelagic,NA,10
Taxa0081,Cypriniformes,102_Cyprinidae,Cyprinidae,Squalidus gracilis gracilis,F,100,HIGH,F,benthopelagic,NA,NA
Taxa0082,Cypriniformes,102_Cyprinidae,Cyprinidae,Tanakia limbata,F,99.8,LOW,F,benthopelagic,NA,NA
Taxa0083,Cypriniformes,102_Cyprinidae,Cyprinidae,Tribolodon brandtii,C,100,LOW,FBS,demersal,NA,NA
Taxa0084,Cypriniformes,102_Cyprinidae,Cyprinidae,Tribolodon sachalinensis,Ex,100,LOW,NA,NA,NA,NA
Taxa0085,Cypriniformes,102_Cyprinidae,Cyprinidae,Tribolodon hakonensis,C,99.74,HIGH,FB,benthopelagic,NA,NA
Taxa0086,Cypriniformes,102_Cyprinidae,Cyprinidae,U98.5_Phoxinus phoxinus tumensis gotu1,Ex,97.1,LOW,FB,demersal,NA,NA
Taxa0087,Cypriniformes,102_Cyprinidae,Cyprinidae,U98.5_Phoxinus sp UAIC 14401 01 gotu1,Ex,96.97,LOW,NA,NA,NA,NA
Taxa0088,Cypriniformes,102_Cyprinidae,Cyprinidae,Zacco platypus,F,100,HIGH,F,benthopelagic,NA,NA
Taxa0089,Cypriniformes,106_Cobitidae,Cobitidae,Cobitis matsubarai,F,100,MODERATE,F,demersal,NA,NA
Taxa0090,Cypriniformes,106_Cobitidae,Cobitidae,Cobitis sp BIWAE typeB,F,99.7,HIGH,NA,NA,NA,NA
Taxa0091,Cypriniformes,106_Cobitidae,Cobitidae,Cobitis sp BIWAE typeC,F,100,MODERATE,NA,NA,NA,NA
Taxa0092,Cypriniformes,106_Cobitidae,Cobitidae,Cobitis sp Kumamoto,F,99.97,LOW,NA,NA,NA,NA
Taxa0093,Cypriniformes,106_Cobitidae,Cobitidae,Misgurnus anguillicaudatus,F,100,HIGH,F,demersal,5,NA
Taxa0094,Cypriniformes,106_Cobitidae,Cobitidae,Misgurnus mizolepis,F,100,LOW,F,demersal,NA,NA
Taxa0095,Cypriniformes,106_Cobitidae,Cobitidae,Misgurnus sp CladeA,F,100,HIGH,NA,NA,NA,NA
Taxa0096,Cypriniformes,106_Cobitidae,Cobitidae,Niwaella delicata,F,100,HIGH,F,demersal,NA,NA
Taxa0097,Cypriniformes,107_Balitoridae,Balitoridae,Lefua echigonia S Kanto Population,F,100,HIGH,F,demersal,NA,NA
Taxa0098,Cypriniformes,107_Balitoridae,Balitoridae,U98.5_Barbatula barbatula,F,98.2,LOW,F,demersal,NA,NA
Taxa0099,Siluriformes,147_Siluridae,Siluridae,Silurus asotus,F,100,MODERATE,F,demersal,NA,NA
Taxa0100,Siluriformes,151_Plotosidae,Plotosidae,Plotosus japonicus,C,99.95,HIGH,S,benthopelagic,NA,NA
Taxa0101,Siluriformes,159_Bagridae,Bagridae,Mystus mysticetus,Ex,100,LOW,F,demersal,NA,NA
Taxa0102,Argentiniformes,168_Microstomatidae,Microstomatidae,Lipolagus ochotensis,D,99.79,HIGH,S,bathypelagic,930,6100
Taxa0103,Argentiniformes,171_Alepocephalidae,Alepocephalidae,Alepocephalus bairdii,D,100,HIGH,S,bathydemersal,365,1700
Taxa0104,Osmeriformes,172_Osmeridae,Osmeridae,Neosalanx anderssoni,Ex,100,HIGH,FBS,demersal,NA,NA
Taxa0105,Osmeriformes,172_Osmeridae,Osmeridae,Plecoglossus altivelis,C,99.85-100,LOW-MODERATE,FBS,demersal,10,NA
Taxa0106,Osmeriformes,172_Osmeridae,Osmeridae,Protosalanx chinensis,Ex,100,MODERATE,F,demersal,NA,NA
Taxa0107,Osmeriformes,172_Osmeridae,Osmeridae,Salangichthys ishikawae,C,99.98,HIGH,NA,NA,NA,NA
Taxa0108,Osmeriformes,172_Osmeridae,Osmeridae,Salangichthys microdon,C,100,HIGH,FBS,demersal,NA,NA
Taxa0109,Salmonidae,175_Salmonidae,Salmonidae,Oncorhynchus keta,C,100,MODERATE,FBS,benthopelagic,0,250
Taxa0110,Salmonidae,175_Salmonidae,Salmonidae,Oncorhynchus kisutch,Ex,100,MODERATE,FBS,demersal,0,250
Taxa0111,Salmonidae,175_Salmonidae,Salmonidae,Oncorhynchus mykiss,F,99.7,MODERATE,FBS,benthopelagic,0,200
Taxa0112,Salmonidae,175_Salmonidae,Salmonidae,Oncorhynchus nerka,Ex,99.8,MODERATE,FBS,pelagic-oceanic,0,250
Taxa0113,Salmonidae,175_Salmonidae,Salmonidae,Salvelinus fontinalis,F,100,LOW,FBS,benthopelagic,15,27
Taxa0114,Salmonidae,175_Salmonidae,Salmonidae,Salvelinus leucomaenis imbrius,F,99.93,LOW,FBS,benthopelagic,0,50
Taxa0115,Salmonidae,175_Salmonidae,Salmonidae,Salvelinus leucomaenis pluvius,F,100,LOW,FBS,benthopelagic,0,50
Taxa0116,Stomiiformes,179_Gonostomatidae,Gonostomatidae,Cyclothone alba,D,99.4,LOW,S,bathypelagic,25,4938
Taxa0117,Stomiiformes,179_Gonostomatidae,Gonostomatidae,Cyclothone atraria,D,100,MODERATE,S,bathypelagic,298,4938
Taxa0118,Stomiiformes,180_Sternoptychidae,Sternoptychidae,Maurolicus japonicus,D,99.85,MODERATE,S,bathypelagic,50,400
Taxa0119,Stomiiformes,180_Sternoptychidae,Sternoptychidae,Maurolicus muelleri,D,100,MODERATE,S,bathypelagic,271,1524
Taxa0120,Stomiiformes,180_Sternoptychidae,Sternoptychidae,Polyipnus spinifer,D,99.4,LOW,S,benthopelagic,154,380
Taxa0121,Stomiiformes,180_Sternoptychidae,Sternoptychidae,U98.5_Polyipnus spinifer,D,98.2,LOW,S,benthopelagic,154,380
Taxa0122,Stomiiformes,181_Phosichthyidae,Phosichthyidae,U98.5_Vinciguerria nimbaria gotu1,D,97.52,LOW,S,bathypelagic,20,5000
Taxa0123,Stomiiformes,181_Phosichthyidae,Phosichthyidae,Vinciguerria nimbaria,D,100,LOW,S,bathypelagic,20,5000
Taxa0124,Stomiiformes,182_Stomiidae,Stomiidae,Stomias affinis,D,99.7,MODERATE,S,bathypelagic,0,3182
Taxa0125,Stomiiformes,182_Stomiidae,Stomiidae,Stomias nebulosus,D,100,HIGH,S,bathypelagic,640,730
Taxa0126,Stomiiformes,182_Stomiidae,Stomiidae,U98.5_Stomias affinis,D,96.4,LOW,S,bathypelagic,0,3182
Taxa0127,Ateleopodiformes,183_Ateleopodidae,Ateleopodidae,Ateleopus japonicus,D,100,HIGH,S,bathydemersal,140,600
Taxa0128,Aulopiformes,185_Aulopidae,Aulopidae,Hime japonica,D,100,HIGH,S,demersal,85,510
Taxa0129,Aulopiformes,187_Synodontidae,Synodontidae,Saurida elongata,C,100,LOW,S,demersal,20,100
Taxa0130,Aulopiformes,187_Synodontidae,Synodontidae,Saurida spp.,C,100,LOW,S,reef-associated,1,350
Taxa0131,Aulopiformes,187_Synodontidae,Synodontidae,Saurida wanieso,C,100,LOW,S,demersal,NA,NA
Taxa0132,Aulopiformes,187_Synodontidae,Synodontidae,Synodus hoshinonis,C,100,HIGH,BS,demersal,60,96
Taxa0133,Aulopiformes,191_Notosudidae,Notosudidae,U98.5_Scopelosaurus harryi,D,93.6,LOW,S,bathypelagic,0,1500
Taxa0134,Myctophiformes,200_Myctophidae,Myctophidae,Benthosema pterotum,D,99.89,HIGH,S,benthopelagic,10,300
Taxa0135,Myctophiformes,200_Myctophidae,Myctophidae,Bolinichthys indicus,D,99.6,HIGH,S,bathypelagic,25,900
Taxa0136,Myctophiformes,200_Myctophidae,Myctophidae,Diaphus chrysorhynchus,D,100,HIGH,S,bathypelagic,213,587
Taxa0137,Myctophiformes,200_Myctophidae,Myctophidae,Diaphus garmani,D,99.9,HIGH,S,bathypelagic,0,2091
Taxa0138,Myctophiformes,200_Myctophidae,Myctophidae,Diaphus sp NMMBP1206,D,98.8,LOW,NA,NA,NA,NA
Taxa0139,Myctophiformes,200_Myctophidae,Myctophidae,Diaphus suborbitalis,D,99.76,HIGH,S,pelagic-oceanic,387,1537
Taxa0140,Myctophiformes,200_Myctophidae,Myctophidae,Diaphus watasei,D,100,HIGH,S,benthopelagic,100,2005
Taxa0141,Myctophiformes,200_Myctophidae,Myctophidae,Hygophum hygomii,D,98.8,HIGH,S,bathypelagic,0,1485
Taxa0142,Myctophiformes,200_Myctophidae,Myctophidae,Hygophum reinhardtii,D,100,HIGH,S,bathypelagic,0,1050
Taxa0143,Myctophiformes,200_Myctophidae,Myctophidae,Hygophum sp CBM ZF 14740,D,100,HIGH,NA,NA,NA,NA
Taxa0144,Myctophiformes,200_Myctophidae,Myctophidae,Lampanyctus alatus,D,100,HIGH,S,bathypelagic,40,1500
Taxa0145,Myctophiformes,200_Myctophidae,Myctophidae,Lampanyctus jordani,D,100,HIGH,S,bathypelagic,588,3400
Taxa0146,Myctophiformes,200_Myctophidae,Myctophidae,Lampanyctus tenuiformes Russia,D,98.8,MODERATE,NA,NA,NA,NA
Taxa0147,Myctophiformes,200_Myctophidae,Myctophidae,Myctophum asperum,D,100,LOW,S,bathypelagic,244,1948
Taxa0148,Myctophiformes,200_Myctophidae,Myctophidae,Myctophum brachygnathum,D,98.8,LOW,S,bathypelagic,NA,NA
Taxa0149,Myctophiformes,200_Myctophidae,Myctophidae,Nannobrachium fernae,D,99.49,LOW,S,bathypelagic,0,750
Taxa0150,Myctophiformes,200_Myctophidae,Myctophidae,Notoscopelus japonicus,D,99.95,HIGH,S,bathypelagic,391,794
Taxa0151,Myctophiformes,200_Myctophidae,Myctophidae,Notoscopelus sp HUMZ 222547,D,100,MODERATE,NA,NA,NA,NA
Taxa0152,Myctophiformes,200_Myctophidae,Myctophidae,Symbolophorus californiensis,D,100,LOW,S,pelagic-oceanic,557,1497
Taxa0153,Myctophiformes,200_Myctophidae,Myctophidae,Symbolophorus cf californiensis,D,99.52,LOW,NA,NA,NA,NA
Taxa0154,Myctophiformes,200_Myctophidae,Myctophidae,Symbolophorus cf evermanni,D,100,HIGH,NA,NA,NA,NA
Taxa0155,Myctophiformes,200_Myctophidae,Myctophidae,Symbolophorus cf rufinus,D,99.4,LOW,NA,NA,NA,NA
Taxa0156,Myctophiformes,200_Myctophidae,Myctophidae,U98.5_Benthosema suborbitale gotu1,D,98.3,HIGH,S,bathypelagic,50,2500
Taxa0157,Myctophiformes,200_Myctophidae,Myctophidae,U98.5_Benthosema suborbitale gotu2,D,98.2,HIGH,S,bathypelagic,50,2500
Taxa0158,Myctophiformes,200_Myctophidae,Myctophidae,U98.5_Diaphus garmani,D,95.9,LOW,S,bathypelagic,0,2091
Taxa0159,Myctophiformes,200_Myctophidae,Myctophidae,U98.5_Diogenichthys atlanticus gotu1,D,95.22,LOW,S,bathypelagic,0,1050
Taxa0160,Myctophiformes,200_Myctophidae,Myctophidae,U98.5_Lampadena luminosa gotu1,D,97.6,LOW,S,bathypelagic,50,1021
Taxa0161,Myctophiformes,200_Myctophidae,Myctophidae,U98.5_Myctophum cf orientale,D,98.3,MODERATE,NA,NA,NA,NA
Taxa0162,Myctophiformes,200_Myctophidae,Myctophidae,U98.5_Myctophum orientale gotu1,D,98.3,LOW,S,bathypelagic,NA,NA
Taxa0163,Myctophiformes,200_Myctophidae,Myctophidae,U98.5_Nannobrachium fernae,D,98.2,LOW,S,bathypelagic,0,750
Taxa0164,Gadiformes,215_Macrouridae,Macrouridae,Coryphaenoides brevibarbis,D,99.82,HIGH,S,bathypelagic,1500,4700
Taxa0165,Gadiformes,215_Macrouridae,Macrouridae,Hymenocephalus lethonemus,D,100,HIGH,S,bathydemersal,220,810
Taxa0166,Gadiformes,215_Macrouridae,Macrouridae,Ventrifossa fusca,D,100,HIGH,S,benthopelagic,NA,700
Taxa0167,Gadiformes,215_Macrouridae,Macrouridae,Ventrifossa garmani,D,100,MODERATE,S,bathydemersal,200,720
Taxa0168,Gadiformes,216_Moridae,Moridae,Laemonema longipes,D,99.4,HIGH,S,bathydemersal,80,1830
Taxa0169,Gadiformes,216_Moridae,Moridae,Lepidion inosimae,D,100,MODERATE,S,benthopelagic,580,1100
Taxa0170,Gadiformes,216_Moridae,Moridae,Lotella phycis,D,100,HIGH,S,demersal,NA,NA
Taxa0171,Gadiformes,216_Moridae,Moridae,U98.5_Lepidion inosimae,D,81,LOW,S,benthopelagic,580,1100
Taxa0172,Gadiformes,220_Gadidae,Gadidae,Gadus chalcogrammus,D,100,LOW,BS,benthopelagic,NA,1280
Taxa0173,Gadiformes,220_Gadidae,Gadidae,Gadus macrocephalus,D,100,MODERATE,BS,demersal,10,1280
Taxa0174,Gadiformes,220_Gadidae,Gadidae,Gadus morhua,Ex,100,LOW,BS,benthopelagic,0,600
Taxa0175,Ophidiiformes,222_Ophidiidae,Ophidiidae,Brotula multibarbata,C,100,HIGH,S,reef-associated,1,650
Taxa0176,Ophidiiformes,222_Ophidiidae,Ophidiidae,Hoplobrotula armata,D,100,HIGH,S,bathydemersal,200,350
Taxa0177,Ophidiiformes,222_Ophidiidae,Ophidiidae,Neobythites australiensis,Ex,100,LOW,S,bathydemersal,42,350
Taxa0178,Ophidiiformes,222_Ophidiidae,Ophidiidae,Spectrunculus grandis,D,99.2,HIGH,S,bathydemersal,800,4300
Taxa0179,Ophidiiformes,222_Ophidiidae,Ophidiidae,U98.5_Brotula sp CBM ZF 15570 gotu1,C,93.7,LOW,NA,NA,NA,NA
Taxa0180,Ophidiiformes,223_Bythitidae,Bythitidae,Dinematichthys iluocoeteoides,Ex,100,LOW,S,reef-associated,1,30
Taxa0181,Batrachoidiformes,226_Batrachoididae,Batrachoididae,Allenbatrachus grunniens,Ex,100,HIGH,BS,demersal,NA,NA
Taxa0182,Lophiiformes,227_Lophiidae,Lophiidae,Lophiomus setigerus,C,100,HIGH,S,demersal,30,800
Taxa0183,Lophiiformes,227_Lophiidae,Lophiidae,Lophius litulon,C,100,LOW,S,bathydemersal,25,560
Taxa0184,Lophiiformes,228_Antennariidae,Antennariidae,Antennarius hispidus,C,99.7,LOW,S,reef-associated,0,90
Taxa0185,Lophiiformes,232_Chaunacidae,Chaunacidae,Chaunax abei,D,99.6,MODERATE,S,demersal,90,500
Taxa0186,Lophiiformes,228_Antennariidae,Antennariidae,Antennarius striatus,C,100,MODERATE,BS,reef-associated,10,219
Taxa0187,Lophiiformes,228_Antennariidae,Antennariidae,Antennarius striatus Genetype1,C,100,MODERATE,BS,reef-associated,10,219
Taxa0188,Lophiiformes,232_Chaunacidae,Chaunacidae,Chaunax penicillatus,D,100,HIGH,S,bathydemersal,343,658
Taxa0189,Lophiiformes,232_Chaunacidae,Chaunacidae,Chaunax sp KAUM I 111003,D,99.7,HIGH,NA,NA,NA,NA
Taxa0190,Lophiiformes,233_Ogcocephalidae,Ogcocephalidae,Malthopsis kobayashii,D,99.4,HIGH,S,bathydemersal,NA,NA
Taxa0191,Lophiiformes,236_Melanocetidae,Melanocetidae,Melanocetus murrayi,D,100,HIGH,S,bathypelagic,100,6370
Taxa0192,Lophiiformes,239_Oneirodidae,Oneirodidae,Oneirodes carlsbergi,D,98.8,HIGH,S,bathypelagic,360,1000
Taxa0193,Lophiiformes,239_Oneirodidae,Oneirodidae,Oneirodes thompsoni,D,100,LOW,S,bathypelagic,100,2014
Taxa0194,Lophiiformes,239_Oneirodidae,Oneirodidae,U98.5_Oneirodes luetkeni,D,98.2,LOW,S,bathypelagic,NA,1750
Taxa0195,Lophiiformes,240_Thaumatichthyidae,Thaumatichthyidae,Thaumatichthys pagidostomus,D,100,HIGH,S,bathydemersal,NA,1440
Taxa0196,Mugiliformes,245_Mugilidae,Mugilidae,Ellochelon vaigiensis,C,98.8,MODERATE,FBS,reef-associated,0,5
Taxa0197,Mugiliformes,245_Mugilidae,Mugilidae,Liza affinis,C,100,LOW,NA,NA,NA,NA
Taxa0198,Mugiliformes,245_Mugilidae,Mugilidae,Liza haematocheila,C,100,LOW,NA,NA,NA,NA
Taxa0199,Mugiliformes,245_Mugilidae,Mugilidae,Liza macrolepis,C,100,LOW,NA,NA,NA,NA
Taxa0200,Mugiliformes,245_Mugilidae,Mugilidae,Moolgarda seheli,C,100,LOW,NA,NA,NA,NA
Taxa0201,Mugiliformes,245_Mugilidae,Mugilidae,Mugil cephalus,C,99.98,HIGH,FBS,benthopelagic,0,120
Taxa0202,Mugiliformes,245_Mugilidae,Mugilidae,Oedalechilus labiosus,C,99.9,HIGH,NA,NA,NA,NA
Taxa0203,Mugiliformes,245_Mugilidae,Mugilidae,U98.5_Mugil cephalus,C,98.2,MODERATE,FBS,benthopelagic,0,120
Taxa0204,Atheriniformes,247_Notocheiridae,Notocheiridae,Iso flosmaris,C,99.99,HIGH,S,demersal,NA,NA
Taxa0205,Atheriniformes,251_Atherinidae,Atherinidae,Atherinomorus lacunosus,C,99.4,LOW,FBS,reef-associated,1,39
Taxa0206,Atheriniformes,251_Atherinidae,Atherinidae,Atherinomorus pinguis,C,100,LOW,S,reef-associated,NA,NA
Taxa0207,Atheriniformes,251_Atherinidae,Atherinidae,Atherion elymus,C,100,HIGH,S,reef-associated,0,3
Taxa0208,Atheriniformes,251_Atherinidae,Atherinidae,Hypoatherina tsurugae,C,99.99,HIGH,S,pelagic-neritic,NA,NA
Taxa0209,Atheriniformes,251_Atherinidae,Atherinidae,Hypoatherina valenciennei,C,100,MODERATE,BS,pelagic-neritic,NA,NA
Taxa0210,Atheriniformes,251_Atherinidae,Atherinidae,U98.5_Atherion elymus gotu1,C,85.2,HIGH,S,reef-associated,0,3
Taxa0211,Beloniformes,252_Adrianichthyidae,Adrianichthyidae,Oryzias latipes,F,100,LOW,FB,benthopelagic,NA,NA
Taxa0212,Beloniformes,252_Adrianichthyidae,Adrianichthyidae,Oryzias woworae,Ex,100,HIGH,F,pelagic,NA,NA
Taxa0213,Beloniformes,253_Exocoetidae,Exocoetidae,Cypselurus agoo agoo,C,99.4-100,LOW,NA,NA,NA,NA
Taxa0214,Beloniformes,253_Exocoetidae,Exocoetidae,Cheilopogon doederleinii,C,99.98,LOW,S,pelagic-oceanic,0,NA
Taxa0215,Beloniformes,253_Exocoetidae,Exocoetidae,Cypselurus angusticeps,C,100,LOW,S,pelagic-oceanic,0,20
Taxa0216,Beloniformes,253_Exocoetidae,Exocoetidae,Cypselurus atrisignis,C,100,MODERATE,NA,NA,NA,NA
Taxa0217,Beloniformes,253_Exocoetidae,Exocoetidae,Cypselurus exiliens,C,99.4,LOW,NA,NA,NA,NA
Taxa0218,Beloniformes,253_Exocoetidae,Exocoetidae,Cypselurus heterurus doederleini,C,99.99,LOW,NA,NA,NA,NA
Taxa0219,Beloniformes,253_Exocoetidae,Exocoetidae,Cypselurus hiraii,C,99.4,LOW,S,pelagic-neritic,0,NA
Taxa0220,Beloniformes,253_Exocoetidae,Exocoetidae,Cypselurus naresii,C,100,LOW,S,pelagic-oceanic,0,20
Taxa0221,Beloniformes,253_Exocoetidae,Exocoetidae,Exocoetus volitans,C,100,MODERATE,S,pelagic-neritic,0,20
Taxa0222,Beloniformes,253_Exocoetidae,Exocoetidae,Parexocoetus brachypterus,C,100,LOW,S,pelagic-neritic,0,20
Taxa0223,Beloniformes,253_Exocoetidae,Exocoetidae,Prognichthys sealei,C,100,MODERATE,S,pelagic-oceanic,0,20
Taxa0224,Beloniformes,254_Hemiramphidae,Hemiramphidae,Euleptorhamphus viridis,C,100,HIGH,S,pelagic-oceanic,0,1
Taxa0225,Beloniformes,254_Hemiramphidae,Hemiramphidae,Hemiramphus lutkei,C,99.4,MODERATE,BS,reef-associated,0,NA
Taxa0226,Beloniformes,254_Hemiramphidae,Hemiramphidae,Hyporhamphus intermedius,C,99.52,HIGH,FBS,pelagic-neritic,0,NA
Taxa0227,Beloniformes,254_Hemiramphidae,Hemiramphidae,Hyporhamphus sajori,C,99.91,HIGH,FBS,pelagic-neritic,30,NA
Taxa0228,Beloniformes,254_Hemiramphidae,Hemiramphidae,Hyporhamphus yuri,C,100,HIGH,S,pelagic-neritic,0,NA
Taxa0229,Beloniformes,254_Hemiramphidae,Hemiramphidae,Zenarchopterus dunckeri,C,100,HIGH,B,pelagic,0,NA
Taxa0230,Beloniformes,255_Belonidae,Belonidae,Ablennes hians,C,100,HIGH,BS,reef-associated,0,3
Taxa0231,Beloniformes,255_Belonidae,Belonidae,Strongylura anastomella,C,99.97,HIGH,S,pelagic-oceanic,0,NA
Taxa0232,Beloniformes,255_Belonidae,Belonidae,Tylosurus acus melanotus,C,100,HIGH,NA,NA,NA,NA
Taxa0233,Beloniformes,255_Belonidae,Belonidae,Tylosurus crocodilus crocodilus,C,99.93,HIGH,S,reef-associated,0,13
Taxa0234,Beloniformes,255_Belonidae,Belonidae,U98.5_Ablennes hians,C,92.2,LOW,BS,reef-associated,0,3
Taxa0235,Beloniformes,256_Scomberesocidae,Scomberesocidae,Cololabis saira,C,100,HIGH,S,pelagic-oceanic,0,230
Taxa0236,Cyprinodontiformes,266_Poeciliidae,Poeciliidae,Gambusia affinis,F,100,MODERATE,FB,benthopelagic,NA,NA
Taxa0237,Beryciformes,279_Monocentridae,Monocentridae,Monocentris japonicus,C,100,HIGH,NA,NA,NA,NA
Taxa0238,Beryciformes,280_Trachichthyidae,Trachichthyidae,Aulotrachichthys prosthemius,D,100,HIGH,S,bathypelagic,90,198
Taxa0239,Beryciformes,280_Trachichthyidae,Trachichthyidae,Hoplostethus japonicus,D,100,MODERATE,S,bathypelagic,336,605
Taxa0240,Beryciformes,280_Trachichthyidae,Trachichthyidae,U98.5_Aulotrachichthys prosthemius,C,94.6,LOW,S,bathypelagic,90,198
Taxa0241,Beryciformes,281_Berycidae,Berycidae,Beryx mollis,D,100,HIGH,S,benthopelagic,100,500
Taxa0242,Beryciformes,281_Berycidae,Berycidae,Beryx splendens,D,100,HIGH,S,benthopelagic,25,1300
Taxa0243,Beryciformes,282_Holocentridae,Holocentridae,Myripristis berndti,C,100,LOW,S,reef-associated,3,159
Taxa0244,Beryciformes,282_Holocentridae,Holocentridae,Ostichthys kaianus,C,100,HIGH,S,bathydemersal,182,640
Taxa0245,Beryciformes,282_Holocentridae,Holocentridae,Sargocentron praslin,C,100,HIGH,S,reef-associated,1,20
Taxa0246,Beryciformes,282_Holocentridae,Holocentridae,Sargocentron punctatissimum,C,100,HIGH,S,reef-associated,0,183
Taxa0247,Beryciformes,282_Holocentridae,Holocentridae,Sargocentron rubrum,C,99.4,HIGH,S,reef-associated,1,84
Taxa0248,Beryciformes,282_Holocentridae,Holocentridae,Sargocentron spiniferum,C,100,MODERATE,S,reef-associated,1,122
Taxa0249,Beryciformes,282_Holocentridae,Holocentridae,Sargocentron tiere,C,100,MODERATE,S,reef-associated,1,183
Taxa0250,Zeiformes,287_Grammicolepididae,Grammicolepididae,U98.5_Grammicolepis brachiusculus,D,92.4,MODERATE,S,bathypelagic,300,1026
Taxa0251,Zeiformes,288_Zeidae,Zeidae,Zenion japonicum,D,100,HIGH,S,bathydemersal,200,400
Taxa0252,Gasterosteiformes,290_Aulorhynchidae,Aulorhynchidae,Aulichthys japonicus,C,98.8,HIGH,S,benthopelagic,NA,NA
Taxa0253,Gasterosteiformes,291_Gasterosteidae,Gasterosteidae,Pungitius pungitius,Ex,100,LOW,FBS,benthopelagic,0,110
Taxa0254,Gasterosteiformes,291_Gasterosteidae,Gasterosteidae,Pungitius sp Brackish,Ex,99.6,LOW,NA,NA,NA,NA
Taxa0255,Gasterosteiformes,295_Syngnathidae,Syngnathidae,Corythoichthys haematopterus,C,100,HIGH,S,reef-associated,0,21
Taxa0256,Gasterosteiformes,295_Syngnathidae,Syngnathidae,Hippocampus coronatus,C,99.63,HIGH,S,demersal,NA,NA
Taxa0257,Gasterosteiformes,295_Syngnathidae,Syngnathidae,Hippocampus mohnikei,C,100,HIGH,S,demersal,1,NA
Taxa0258,Gasterosteiformes,295_Syngnathidae,Syngnathidae,Hippocampus sindonis,C,100,HIGH,S,demersal,NA,NA
Taxa0259,Gasterosteiformes,295_Syngnathidae,Syngnathidae,Hippocampus sp,C,100,HIGH,NA,NA,NA,NA
Taxa0260,Gasterosteiformes,295_Syngnathidae,Syngnathidae,Hippocampus trimaculatus,C,100,MODERATE,S,reef-associated,0,100
Taxa0261,Gasterosteiformes,295_Syngnathidae,Syngnathidae,Syngnathus schlegeli,C,99.84,HIGH,BS,demersal,NA,NA
Taxa0262,Gasterosteiformes,295_Syngnathidae,Syngnathidae,Syngnathus sp ATLANTIC,Ex,100,HIGH,NA,NA,NA,NA
Taxa0263,Gasterosteiformes,295_Syngnathidae,Syngnathidae,U98.5_Cosmocampus banneri gotu1,C,88.7,LOW,S,reef-associated,2,30
Taxa0264,Gasterosteiformes,295_Syngnathidae,Syngnathidae,U98.5_Hippocampus mohnikei,C,95.7,LOW,S,demersal,1,NA
Taxa0265,Gasterosteiformes,295_Syngnathidae,Syngnathidae,Urocampus nanus,C,100,HIGH,BS,demersal,NA,NA
Taxa0266,Gasterosteiformes,297_Fistulariidae,Fistulariidae,Fistularia commersonii,C,100,HIGH,S,reef-associated,0,132
Taxa0267,Gasterosteiformes,297_Fistulariidae,Fistulariidae,Fistularia petimba,C,100,HIGH,BS,reef-associated,10,200
Taxa0268,Gasterosteiformes,298_Macroramphosidae,Macroramphosidae,Macroramphosus scolopax,C,100,LOW,S,demersal,25,600
Taxa0269,Synbranchiformes,302_Mastacembelidae,Mastacembelidae,Macrognathus siamensis,Ex,100,HIGH,F,benthopelagic,NA,NA
Taxa0270,Scorpaeniformes,304_Scorpaenidae,Scorpaenidae,Ablabys taenianotus,C,100,HIGH,S,reef-associated,1,78
Taxa0271,Scorpaeniformes,304_Scorpaenidae,Scorpaenidae,Apistus carinatus,C,99.88,HIGH,S,demersal,14,60
Taxa0272,Scorpaeniformes,304_Scorpaenidae,Scorpaenidae,Erosa erosa,C,100,HIGH,S,reef-associated,0,90
Taxa0273,Scorpaeniformes,304_Scorpaenidae,Scorpaenidae,Helicolenus hilgendorfi,D,100,LOW,S,bathydemersal,50,1100
Taxa0274,Scorpaeniformes,304_Scorpaenidae,Scorpaenidae,Inimicus japonicus,C,100,HIGH,S,demersal,10,200
Taxa0275,Scorpaeniformes,304_Scorpaenidae,Scorpaenidae,Minous pusillus,C,100,HIGH,S,demersal,30,110
Taxa0276,Scorpaeniformes,304_Scorpaenidae,Scorpaenidae,Paracentropogon rubripinnis,C,99.93,HIGH,S,reef-associated,NA,NA
Taxa0277,Scorpaeniformes,304_Scorpaenidae,Scorpaenidae,Parascorpaena mossambica,C,99.88,HIGH,S,reef-associated,0,18
Taxa0278,Scorpaeniformes,304_Scorpaenidae,Scorpaenidae,Pterois spp.,C,99.88,LOW,BS,reef-associated,15,60
Taxa0279,Scorpaeniformes,304_Scorpaenidae,Scorpaenidae,Scorpaena miostoma,C,99.27,LOW,S,demersal,NA,NA
Taxa0280,Scorpaeniformes,304_Scorpaenidae,Scorpaenidae,Scorpaena neglecta,D,100,HIGH,S,demersal,100,150
Taxa0281,Scorpaeniformes,304_Scorpaenidae,Scorpaenidae,Scorpaena onaria,D,100,MODERATE,S,benthopelagic,223,500
Taxa0282,Scorpaeniformes,304_Scorpaenidae,Scorpaenidae,Scorpaena pepo,C,99.4,LOW,S,demersal,NA,200
Taxa0283,Scorpaeniformes,304_Scorpaenidae,Scorpaenidae,Scorpaenodes evides,C,99.82,HIGH,S,demersal,1,40
Taxa0284,Scorpaeniformes,304_Scorpaenidae,Scorpaenidae,Scorpaenopsis cirrosa,C,99.85,HIGH,S,demersal,3,91
Taxa0285,Scorpaeniformes,304_Scorpaenidae,Scorpaenidae,Scorpaenopsis neglecta,C,100,HIGH,S,demersal,0,40
Taxa0286,Scorpaeniformes,304_Scorpaenidae,Scorpaenidae,Sebastes spp.,C,99.4-100,LOW-MODERATE,S,demersal,9,600
Taxa0287,Scorpaeniformes,304_Scorpaenidae,Scorpaenidae,Sebastiscus albofasciatus,C,100,HIGH,S,demersal,30,200
Taxa0288,Scorpaeniformes,304_Scorpaenidae,Scorpaenidae,Sebastiscus marmoratus,C,99.99,HIGH,S,demersal,NA,NA
Taxa0289,Scorpaeniformes,304_Scorpaenidae,Scorpaenidae,Sebastolobus alascanus,D,100,LOW,S,demersal,17,1600
Taxa0290,Scorpaeniformes,304_Scorpaenidae,Scorpaenidae,Setarches longimanus,D,100,HIGH,S,bathydemersal,180,704
Taxa0291,Scorpaeniformes,304_Scorpaenidae,Scorpaenidae,Trachicephalus uranoscopus,Ex,100,HIGH,BS,demersal,2,25
Taxa0292,Scorpaeniformes,304_Scorpaenidae,Scorpaenidae,U98.5_Scorpaena miostoma gotu1,C,87.61,LOW,S,demersal,NA,NA
Taxa0293,Scorpaeniformes,304_Scorpaenidae,Scorpaenidae,U98.5_Scorpaena miostoma gotu2,C,86.5,LOW,S,demersal,NA,NA
Taxa0294,Scorpaeniformes,304_Scorpaenidae,Scorpaenidae,U98.5_Scorpaena miostoma gotu3,C,87.6,LOW,S,demersal,NA,NA
Taxa0295,Scorpaeniformes,304_Scorpaenidae,Scorpaenidae,U98.5_Scorpaenopsis cirrosa,C,98.2,HIGH,S,demersal,3,91
Taxa0296,Scorpaeniformes,306_Aploactinidae,Aploactinidae,U98.5_Cocotropus sp CBM ZF 17864 gotu1,C,95.3,HIGH,NA,NA,NA,NA
Taxa0297,Scorpaeniformes,310_Triglidae,Triglidae,Bovitrigla acanthomoplate,Ex,100,MODERATE,S,bathydemersal,333,500
Taxa0298,Scorpaeniformes,310_Triglidae,Triglidae,Chelidonichthys spinosus,C,99.98,LOW,S,demersal,25,615
Taxa0299,Scorpaeniformes,310_Triglidae,Triglidae,Lepidotrigla alata,D,100,LOW,S,demersal,60,110
Taxa0300,Scorpaeniformes,310_Triglidae,Triglidae,Lepidotrigla japonica,D,100,HIGH,S,demersal,40,115
Taxa0301,Scorpaeniformes,310_Triglidae,Triglidae,Lepidotrigla kanagashira,D,99.88,LOW,S,demersal,NA,NA
Taxa0302,Scorpaeniformes,310_Triglidae,Triglidae,Lepidotrigla longifacata,D,99.4,LOW,NA,NA,NA,NA
Taxa0303,Scorpaeniformes,310_Triglidae,Triglidae,Pterygotrigla multipunctata,D,100,HIGH,S,demersal,NA,NA
Taxa0304,Scorpaeniformes,311_Peristediidae,Peristediidae,Scalicus amiscus,D,100,HIGH,S,demersal,NA,NA
Taxa0305,Scorpaeniformes,313_Platycephalidae,Platycephalidae,Grammoplites scabe,Ex,100,HIGH,NA,NA,NA,NA
Taxa0306,Scorpaeniformes,313_Platycephalidae,Platycephalidae,Onigocia spinosa,C,100,HIGH,S,demersal,8,250
Taxa0307,Scorpaeniformes,313_Platycephalidae,Platycephalidae,Platycephalus cultellatus,Ex,100,HIGH,S,demersal,NA,NA
Taxa0308,Scorpaeniformes,313_Platycephalidae,Platycephalidae,Platycephalus sp.,C,99.97,LOW,BS,reef-associated,20,200
Taxa0309,Scorpaeniformes,313_Platycephalidae,Platycephalidae,Platycephalus sp KAUM I 83735,C,100,HIGH,NA,NA,NA,NA
Taxa0310,Scorpaeniformes,313_Platycephalidae,Platycephalidae,U98.5_Cymbacephalus beauforti,C,81.9,LOW,S,reef-associated,1,12
Taxa0311,Scorpaeniformes,316_Hexagrammidae,Hexagrammidae,Hexagrammos otakii・H. agrammus,C,99.99-100,LOW-MODERATE,S,demersal,NA,NA
Taxa0312,Scorpaeniformes,316_Hexagrammidae,Hexagrammidae,Pleurogrammus azonus,Ex,100,HIGH,S,demersal,0,240
Taxa0313,Scorpaeniformes,316_Hexagrammidae,Hexagrammidae,Pleurogrammus monopterygius,Ex,100,HIGH,S,demersal,0,720
Taxa0314,Scorpaeniformes,320_Cottidae,Cottidae,Cottus amblystomopsis,Ex,99.7,HIGH,FBS,demersal,0,10
Taxa0315,Scorpaeniformes,320_Cottidae,Cottidae,Cottus gobio,Ex,100,LOW,FB,demersal,2,2
Taxa0316,Scorpaeniformes,320_Cottidae,Cottidae,Cottus pollux,Ex,100,LOW,F,demersal,NA,NA
Taxa0317,Scorpaeniformes,320_Cottidae,Cottidae,Furcina osimae typeA,C,100,MODERATE,S,reef-associated,NA,NA
Taxa0318,Scorpaeniformes,320_Cottidae,Cottidae,Furcina osimae typeB,C,99.98,HIGH,S,reef-associated,NA,NA
Taxa0319,Scorpaeniformes,320_Cottidae,Cottidae,Myoxocephalus polyacanthocephalus,C,100,LOW,S,demersal,0,775
Taxa0320,Scorpaeniformes,320_Cottidae,Cottidae,Ocynectes maschalis,C,100,HIGH,S,demersal,NA,NA
Taxa0321,Scorpaeniformes,320_Cottidae,Cottidae,Ocynectes modestus,C,99.91,HIGH,S,demersal,NA,NA
Taxa0322,Scorpaeniformes,320_Cottidae,Cottidae,Pseudoblennius cottoides Genetype1,C,99.95,HIGH,S,demersal,NA,NA
Taxa0323,Scorpaeniformes,320_Cottidae,Cottidae,Pseudoblennius cottoides Genetype2,C,100,HIGH,S,demersal,NA,NA
Taxa0324,Scorpaeniformes,320_Cottidae,Cottidae,Pseudoblennius marmoratus,C,99.99,HIGH,S,demersal,NA,NA
Taxa0325,Scorpaeniformes,320_Cottidae,Cottidae,Pseudoblennius percoides,C,100,HIGH,S,demersal,NA,NA
Taxa0326,Scorpaeniformes,320_Cottidae,Cottidae,Pseudoblennius zonostigma,C,99.87,HIGH,S,demersal,NA,NA
Taxa0327,Scorpaeniformes,320_Cottidae,Cottidae,U98.5_Vellitor minutus gotu1,C,89.26,LOW,S,demersal,NA,NA
Taxa0328,Scorpaeniformes,320_Cottidae,Cottidae,Vellitor minutus,C,100,HIGH,S,demersal,NA,NA
Taxa0329,Scorpaeniformes,324_Agonidae,Agonidae,Ulcina olrikii,Ex,99.4,HIGH,NA,NA,NA,NA
Taxa0330,Scorpaeniformes,327_Cyclopteridae,Cyclopteridae,Lethotremus awae,C,99.25,HIGH,S,demersal,0,20
Taxa0331,Scorpaeniformes,328_Liparidae,Liparidae,Liparis punctulatus,C,99.99,HIGH,S,demersal,0,20
Taxa0332,Scorpaeniformes,328_Liparidae,Liparidae,Paraliparis rosaceus,D,100,HIGH,S,bathydemersal,1050,3358
Taxa0333,Scorpaeniformes,328_Liparidae,Liparidae,U98.5_Liparis punctulatus,C,98.2,HIGH,S,demersal,0,20
Taxa0334,Perciformes,330_Ambassidae,Ambassidae,Ambassis vachellii,Ex,100,LOW,FBS,demersal,NA,NA
Taxa0335,Perciformes,330_Ambassidae,Ambassidae,Parambassis sp CBM ZF 18782,Ex,100,HIGH,NA,NA,NA,NA
Taxa0336,Perciformes,332_Moronidae,Moronidae,Lateolabrax japonicus,C,99.99,HIGH,FBS,reef-associated,5,NA
Taxa0337,Perciformes,332_Moronidae,Moronidae,Lateolabrax latus,C,99.98,HIGH,S,demersal,NA,NA
Taxa0338,Perciformes,333_Percichthyidae,Percichthyidae,Nannoperca australis,Ex,100,HIGH,F,benthopelagic,NA,NA
Taxa0339,Perciformes,335_Acropomatidae,Acropomatidae,Malakichthys barbatus,D,100,MODERATE,S,bathypelagic,100,600
Taxa0340,Perciformes,335_Acropomatidae,Acropomatidae,Malakichthys griseus,D,100,MODERATE,S,pelagic-oceanic,NA,NA
Taxa0341,Perciformes,335_Acropomatidae,Acropomatidae,Synagrops japonicus,D,100,LOW,S,benthopelagic,50,1000
Taxa0342,Perciformes,338_Serranidae,Serranidae,Caprodon schlegelii,C,99.95,HIGH,S,benthopelagic,50,200
Taxa0343,Perciformes,338_Serranidae,Serranidae,Cephalopholis argus,C,100,HIGH,S,reef-associated,1,40
Taxa0344,Perciformes,338_Serranidae,Serranidae,Chelidoperca hirundinacea,C,100,HIGH,S,demersal,80,200
Taxa0345,Perciformes,338_Serranidae,Serranidae,Cromileptes altivelis,C,100,LOW,S,reef-associated,2,40
Taxa0346,Perciformes,338_Serranidae,Serranidae,Epinephelu sp CBM DNA 19 231,C,98.8,LOW,NA,NA,NA,NA
Taxa0347,Perciformes,338_Serranidae,Serranidae,Epinephelus akaara,C,100,HIGH,S,reef-associated,1,55
Taxa0348,Perciformes,338_Serranidae,Serranidae,Epinephelus areolatus,C,100,HIGH,S,reef-associated,6,200
Taxa0349,Perciformes,338_Serranidae,Serranidae,Epinephelus fasciatus,C,99.72,HIGH,BS,reef-associated,4,160
Taxa0350,Perciformes,338_Serranidae,Serranidae,Epinephelus melanostigma,C,100,HIGH,S,reef-associated,0,30
Taxa0351,Perciformes,338_Serranidae,Serranidae,Epinephelus merra,C,100,HIGH,S,reef-associated,0,50
Taxa0352,Perciformes,338_Serranidae,Serranidae,Epinephelus miliaris,C,100,HIGH,S,reef-associated,1,200
Taxa0353,Perciformes,338_Serranidae,Serranidae,Epinephelus moara,C,99.99,LOW,NA,NA,NA,NA
Taxa0354,Perciformes,338_Serranidae,Serranidae,Epinephelus rivulatus,C,100,HIGH,S,reef-associated,1,150
Taxa0355,Perciformes,338_Serranidae,Serranidae,Epinephelus septemfasciatus,C,100,HIGH,NA,NA,NA,NA
Taxa0356,Perciformes,338_Serranidae,Serranidae,Grammistes sexlineatus,C,100,HIGH,S,reef-associated,1,130
Taxa0357,Perciformes,338_Serranidae,Serranidae,Plectranthias azumanus,Ex,100,HIGH,NA,NA,NA,NA
Taxa0358,Perciformes,338_Serranidae,Serranidae,Pseudanthias hypselosoma,Ex,100,HIGH,S,reef-associated,6,50
Taxa0359,Perciformes,338_Serranidae,Serranidae,Pseudanthias ignitus,Ex,100,HIGH,S,reef-associated,10,40
Taxa0360,Perciformes,338_Serranidae,Serranidae,Pseudanthias rubrolineatus,C,98.8,MODERATE,S,bathydemersal,60,400
Taxa0361,Perciformes,338_Serranidae,Serranidae,Pseudanthias squamipinnis,C,98.8,MODERATE,S,reef-associated,0,55
Taxa0362,Perciformes,338_Serranidae,Serranidae,Sacura margaritacea,C,100,HIGH,S,demersal,15,50
Taxa0363,Perciformes,338_Serranidae,Serranidae,Selenanthias analis,D,100,HIGH,S,demersal,129,204
Taxa0364,Perciformes,338_Serranidae,Serranidae,Serranidae sp JL-2015,C,99.8,LOW,NA,NA,NA,NA
Taxa0365,Perciformes,338_Serranidae,Serranidae,Symphysanodon katayamai,C,100,HIGH,S,demersal,91,183
Taxa0366,Perciformes,338_Serranidae,Serranidae,U98.5_Pseudanthias rubrolineatus gotu1,C,98.2,MODERATE,S,bathydemersal,60,400
Taxa0367,Perciformes,341_Callanthiidae,Callanthiidae,Callanthias japonicus,C,100,HIGH,S,benthopelagic,70,200
Taxa0368,Perciformes,342_Pseudochromidae,Pseudochromidae,Pseudochromis tapeinosoma,C,100,HIGH,S,reef-associated,2,60
Taxa0369,Perciformes,344_Plesiopidae,Plesiopidae,Plesiops nakaharae,C,99.87,LOW,S,reef-associated,NA,NA
Taxa0370,Perciformes,346_Opistognathidae,Opistognathidae,Opistognathus liturus,C,100,MODERATE,S,demersal,NA,NA
Taxa0371,Perciformes,349_Centrarchidae,Centrarchidae,Lepomis macrochirus,F,100,HIGH,F,benthopelagic,NA,NA
Taxa0372,Perciformes,349_Centrarchidae,Centrarchidae,Micropterus salmoides salmoides,F,100,LOW,F,benthopelagic,NA,7
Taxa0373,Perciformes,350_Percidae,Percidae,Etheostoma caeruleum,Ex,100,HIGH,F,benthopelagic,NA,NA
Taxa0374,Perciformes,351_Priacanthidae,Priacanthidae,Priacanthus blochii,C,100,LOW,S,reef-associated,15,30
Taxa0375,Perciformes,352_Apogonidae,Apogonidae,Apogon coccineus,C,100,HIGH,S,reef-associated,8,35
Taxa0376,Perciformes,352_Apogonidae,Apogonidae,Apogon seminigracaudus,C,100,HIGH,S,reef-associated,1,30
Taxa0377,Perciformes,352_Apogonidae,Apogonidae,Apogon unicolor,C,100,HIGH,S,reef-associated,10,35
Taxa0378,Perciformes,352_Apogonidae,Apogonidae,Apogonichthyoides niger,C,100,HIGH,S,demersal,NA,NA
Taxa0379,Perciformes,352_Apogonidae,Apogonidae,Apogonichthys ocellatus,C,100,HIGH,S,reef-associated,1,5
Taxa0380,Perciformes,352_Apogonidae,Apogonidae,Ostorhinchus cookii,C,99.4,HIGH,S,reef-associated,1,10
Taxa0381,Perciformes,352_Apogonidae,Apogonidae,Ostorhinchus doederleini,C,99.95,HIGH,S,reef-associated,0,10
Taxa0382,Perciformes,352_Apogonidae,Apogonidae,Ostorhinchus endekataenia,C,100,HIGH,S,reef-associated,25,30
Taxa0383,Perciformes,352_Apogonidae,Apogonidae,Ostorhinchus kiensis,C,100,HIGH,BS,reef-associated,0,50
Taxa0384,Perciformes,352_Apogonidae,Apogonidae,Ostorhinchus notatus,C,100,HIGH,S,reef-associated,0,20
Taxa0385,Perciformes,352_Apogonidae,Apogonidae,Ostorhinchus properuptus,C,99.8,HIGH,S,reef-associated,1,30
Taxa0386,Perciformes,352_Apogonidae,Apogonidae,Ostorhinchus semilineatus,C,99.98,HIGH,BS,reef-associated,3,100
Taxa0387,Perciformes,352_Apogonidae,Apogonidae,Ostorhinchus sp NSMT P62210,C,99.4,HIGH,NA,NA,NA,NA
Taxa0388,Perciformes,352_Apogonidae,Apogonidae,Pristiapogon exostigma,C,100,HIGH,S,reef-associated,3,40
Taxa0389,Perciformes,352_Apogonidae,Apogonidae,Pseudamiops gracilicauda,C,100,MODERATE,S,reef-associated,5,30
Taxa0390,Perciformes,352_Apogonidae,Apogonidae,Rhabdamia spilota,C,100,HIGH,S,reef-associated,20,55
Taxa0391,Perciformes,352_Apogonidae,Apogonidae,U98.5_Apogon semiornatus,C,98.2,HIGH,S,reef-associated,5,30
Taxa0392,Perciformes,352_Apogonidae,Apogonidae,U98.5_Apogon sp RYUKYU-ISHIMOCHI gotu1,C,86.2,LOW,NA,NA,NA,NA
Taxa0393,Perciformes,352_Apogonidae,Apogonidae,U98.5_Apogon unicolor gotu1,C,84.9,LOW,S,reef-associated,10,35
Taxa0394,Perciformes,352_Apogonidae,Apogonidae,U98.5_Jaydia carinatus gotu1,C,85.1,LOW,S,reef-associated,50,146
Taxa0395,Perciformes,352_Apogonidae,Apogonidae,U98.5_Jaydia carinatus gotu2,C,85.7,LOW,S,reef-associated,50,146
Taxa0396,Perciformes,352_Apogonidae,Apogonidae,U98.5_Ostorhinchus sp NSMT P62210 gotu1,C,97,MODERATE,NA,NA,NA,NA
Taxa0397,Perciformes,354_Sillaginidae,Sillaginidae,Sillago ingenuua,Ex,99.6,LOW,S,demersal,20,50
Taxa0398,Perciformes,354_Sillaginidae,Sillaginidae,Sillago japonica,C,99.99,HIGH,S,demersal,0,30
Taxa0399,Perciformes,355_Malacanthidae,Malacanthidae,Branchiostegus japonicus,C,100,MODERATE,S,demersal,30,200
Taxa0400,Perciformes,355_Malacanthidae,Malacanthidae,Branchiostegus okinawaensis,Ex,100,LOW,NA,NA,NA,NA
Taxa0401,Perciformes,355_Malacanthidae,Malacanthidae,Hoplolatilus purpureus,Ex,100,HIGH,S,reef-associated,30,85
Taxa0402,Perciformes,358_Scombropidae,Scombropidae,Scombrops boops,C,99.92,MODERATE,S,benthopelagic,20,400
Taxa0403,Perciformes,358_Scombropidae,Scombropidae,Scombrops sp SI-2017,C,99.4,LOW,NA,NA,NA,NA
Taxa0404,Perciformes,363_Echeneidae,Echeneidae,Remora osteochir,C,100,HIGH,S,pelagic-oceanic,NA,200
Taxa0405,Perciformes,364_Carangidae,Carangidae,Carangoides orthogrammus,C,100,HIGH,S,reef-associated,3,168
Taxa0406,Perciformes,364_Carangidae,Carangidae,Caranx ignobilis,C,100,HIGH,BS,reef-associated,10,188
Taxa0407,Perciformes,364_Carangidae,Carangidae,Decapterus macarellus,C,100,HIGH,S,pelagic-oceanic,0,400
Taxa0408,Perciformes,364_Carangidae,Carangidae,Decapterus macrosoma,C,100,HIGH,S,reef-associated,20,214
Taxa0409,Perciformes,364_Carangidae,Carangidae,Decapterus maruadsi,C,99.99,HIGH,S,reef-associated,0,NA
Taxa0410,Perciformes,364_Carangidae,Carangidae,Decapterus muroadsi,C,100,HIGH,S,pelagic-oceanic,1,320
Taxa0411,Perciformes,364_Carangidae,Carangidae,Pseudocaranx dentex,C,100,HIGH,BS,reef-associated,10,238
Taxa0412,Perciformes,364_Carangidae,Carangidae,Selar crumenophthalmus,C,100,HIGH,S,reef-associated,0,170
Taxa0413,Perciformes,364_Carangidae,Carangidae,Seriola dumerili,C,99.94,HIGH,S,reef-associated,1,360
Taxa0414,Perciformes,364_Carangidae,Carangidae,Seriola lalandi,C,100,HIGH,BS,benthopelagic,3,825
Taxa0415,Perciformes,364_Carangidae,Carangidae,Seriola quinqueradiata,C,99.35,HIGH,S,demersal,NA,100
Taxa0416,Perciformes,364_Carangidae,Carangidae,Seriola rivoliana,C,100,HIGH,S,reef-associated,5,245
Taxa0417,Perciformes,364_Carangidae,Carangidae,Trachinotus baillonii,C,100,HIGH,BS,reef-associated,0,3
Taxa0418,Perciformes,364_Carangidae,Carangidae,Trachinotus blochii,C,100,HIGH,BS,reef-associated,1,7
Taxa0419,Perciformes,364_Carangidae,Carangidae,Trachurus japonicus,C,99.98-100,LOW-MODERATE,BS,pelagic-oceanic,0,1050
Taxa0420,Perciformes,364_Carangidae,Carangidae,U98.5_Seriola quinqueradiata,C,98.3,MODERATE,S,demersal,NA,100
Taxa0421,Perciformes,366_Leiognathidae,Leiognathidae,Equulites elongatus,C,100,HIGH,S,demersal,20,100
Taxa0422,Perciformes,366_Leiognathidae,Leiognathidae,Equulites rivulatus,C,99.97,HIGH,S,demersal,NA,20
Taxa0423,Perciformes,366_Leiognathidae,Leiognathidae,Nuchequula nuchalis,C,99.98,HIGH,BS,pelagic-neritic,NA,NA
Taxa0424,Perciformes,367_Bramidae,Bramidae,U98.5_Pterycombus petersii,P,83.4,LOW,S,pelagic-oceanic,0,340
Taxa0425,Perciformes,369_Emmelichthyidae,Emmelichthyidae,Erythrocles microceps,P,100,HIGH,S,demersal,NA,120
Taxa0426,Perciformes,369_Emmelichthyidae,Emmelichthyidae,Erythrocles schlegelii,P,100,HIGH,S,demersal,NA,NA
Taxa0427,Perciformes,370_Lutjanidae,Lutjanidae,Lutjanus bengalensis,C,99.4,HIGH,S,reef-associated,10,30
Taxa0428,Perciformes,370_Lutjanidae,Lutjanidae,Lutjanus fulviflamma,C,100,HIGH,BS,reef-associated,3,35
Taxa0429,Perciformes,370_Lutjanidae,Lutjanidae,Lutjanus monostigma,C,100,MODERATE,S,reef-associated,1,60
Taxa0430,Perciformes,370_Lutjanidae,Lutjanidae,Lutjanus quinquelineatus,C,100,LOW,S,reef-associated,2,40
Taxa0431,Perciformes,370_Lutjanidae,Lutjanidae,Lutjanus rivulatus,C,100,MODERATE,S,reef-associated,50,100
Taxa0432,Perciformes,371_Caesionidae,Caesionidae,Pterocaesio marri,C,100,LOW,S,reef-associated,2,25
Taxa0433,Perciformes,373_Gerreidae,Gerreidae,Gerres oyena,C,100,LOW,BS,reef-associated,0,20
Taxa0434,Perciformes,373_Gerreidae,Gerreidae,Gerres sp CBM ZF 19209,C,100,HIGH,NA,NA,NA,NA
Taxa0435,Perciformes,374_Haemulidae,Haemulidae,Diagramma picta,C,99.95,LOW,NA,NA,NA,NA
Taxa0436,Perciformes,374_Haemulidae,Haemulidae,Hapalogenys kishinouyei,C,100,HIGH,S,benthopelagic,NA,NA
Taxa0437,Perciformes,374_Haemulidae,Haemulidae,Hapalogenys sennin,C,100,HIGH,S,pelagic-neritic,NA,50
Taxa0438,Perciformes,374_Haemulidae,Haemulidae,Parapristipoma trilineatum,C,99.98,HIGH,S,benthopelagic,NA,NA
Taxa0439,Perciformes,374_Haemulidae,Haemulidae,Plectorhinchus cinctus,C,99.96,HIGH,S,reef-associated,NA,NA
Taxa0440,Perciformes,374_Haemulidae,Haemulidae,Pomadasys maculatum,C,100,HIGH,NA,NA,NA,NA
Taxa0441,Perciformes,374_Haemulidae,Haemulidae,Pomadasys sp CBM ZF 18112,C,100,HIGH,NA,NA,NA,NA
Taxa0442,Perciformes,376_Nemipteridae,Nemipteridae,Nemipterus japonicus,Ex,100,HIGH,S,demersal,5,80
Taxa0443,Perciformes,376_Nemipteridae,Nemipteridae,Nemipterus nematophorus,Ex,100,HIGH,S,demersal,NA,75
Taxa0444,Perciformes,376_Nemipteridae,Nemipteridae,Pentapodus bifasciatus,Ex,100,HIGH,S,reef-associated,2,20
Taxa0445,Perciformes,376_Nemipteridae,Nemipteridae,Pentapodus setosus,Ex,100,HIGH,S,reef-associated,5,50
Taxa0446,Perciformes,377_Lethrinidae,Lethrinidae,Lethrinus genivittatus, C,100,HIGH,BS,reef-associated,5,25
Taxa0447,Perciformes,377_Lethrinidae,Lethrinidae,Lethrinus microdon,Ex,100,HIGH,S,reef-associated,10,80
Taxa0448,Perciformes,377_Lethrinidae,Lethrinidae,Lethrinus nebulosus,C,100,HIGH,BS,reef-associated,10,75
Taxa0449,Perciformes,377_Lethrinidae,Lethrinidae,U98.5_Lethrinus olivaceus,C,96.4,LOW,S,reef-associated,1,185
Taxa0450,Perciformes,378_Sparidae,Sparidae,Acanthopagrus latus,C,100,HIGH,FBS,demersal,NA,NA
Taxa0451,Perciformes,378_Sparidae,Sparidae,Acanthopagrus schlegelii,C,100,LOW,BS,demersal,15,NA
Taxa0452,Perciformes,378_Sparidae,Sparidae,Dentex hypselosomus,C,100,MODERATE,S,demersal,NA,NA
Taxa0453,Perciformes,378_Sparidae,Sparidae,Evynnis tumifrons,C,99.95-100,LOW-MODERATE,S,demersal,30,346
Taxa0454,Perciformes,378_Sparidae,Sparidae,Pagrus major,C,99.99,HIGH,S,demersal,10,200
Taxa0455,Perciformes,378_Sparidae,Sparidae,Rhabdosargus sarba,C,100,HIGH,BS,reef-associated,0,60
Taxa0456,Perciformes,380_Polynemidae,Polynemidae,Polydactylus microstomus,C,100,HIGH,BS,demersal,2,55
Taxa0457,Perciformes,380_Polynemidae,Polynemidae,Polydactylus plebeius,C,100,HIGH,BS,demersal,NA,122
Taxa0458,Perciformes,380_Polynemidae,Polynemidae,Polydactylus sexfilis,C,100,HIGH,FBS,reef-associated,1,50
Taxa0459,Perciformes,380_Polynemidae,Polynemidae,Polynemus aquilonaris,C,100,MODERATE,FB,demersal,NA,NA
Taxa0460,Perciformes,381_Sciaenidae,Sciaenidae,Argyrosomus japonicus,C,100,LOW,BS,benthopelagic,NA,NA
Taxa0461,Perciformes,381_Sciaenidae,Sciaenidae,Johnius carouna,Ex,100,HIGH,FBS,benthopelagic,NA,NA
Taxa0462,Perciformes,381_Sciaenidae,Sciaenidae,Nibea mitsukurii,C,99.92,LOW,S,benthopelagic,NA,NA
Taxa0463,Perciformes,381_Sciaenidae,Sciaenidae,Pennahia anea,C,100,HIGH,S,demersal,NA,60
Taxa0464,Perciformes,381_Sciaenidae,Sciaenidae,Pennahia argentata,C,100,HIGH,S,benthopelagic,20,140
Taxa0465,Perciformes,382_Mullidae,Mullidae,Mulloidichthys vanicolensis,C,100,HIGH,S,reef-associated,1,113
Taxa0466,Perciformes,382_Mullidae,Mullidae,Parupeneus ciliatus,C,100,HIGH,S,reef-associated,2,91
Taxa0467,Perciformes,382_Mullidae,Mullidae,Parupeneus indicus,C,100,HIGH,BS,reef-associated,10,30
Taxa0468,Perciformes,382_Mullidae,Mullidae,Parupeneus multifasciatus,C,100,LOW,NA,NA,NA,NA
Taxa0469,Perciformes,382_Mullidae,Mullidae,Parupeneus spilurus,C,99.92,HIGH,BS,reef-associated,10,80
Taxa0470,Perciformes,382_Mullidae,Mullidae,Upeneus japonicus,C,100,LOW,S,reef-associated,4,200
Taxa0471,Perciformes,382_Mullidae,Mullidae,Upeneus tragula,C,100,HIGH,BS,reef-associated,0,42
Taxa0472,Perciformes,383_Pempheridae,Pempheridae,Parapriacanthus ransonneti,C,99.95,HIGH,S,reef-associated,NA,550
Taxa0473,Perciformes,383_Pempheridae,Pempheridae,Pempheris adusta,C,100,HIGH,S,reef-associated,0,20
Taxa0474,Perciformes,383_Pempheridae,Pempheridae,Pempheris japonica,C,99.98,HIGH,S,benthopelagic,NA,NA
Taxa0475,Perciformes,383_Pempheridae,Pempheridae,Pempheris oualensis,C,99.4,HIGH,S,reef-associated,1,36
Taxa0476,Perciformes,383_Pempheridae,Pempheridae,Pempheris schwenkii,C,99.99,LOW,S,reef-associated,5,40
Taxa0477,Perciformes,391_Kyphosidae,Kyphosidae,Girella leonina,C,100,HIGH,S,reef-associated,1,15
Taxa0478,Perciformes,391_Kyphosidae,Kyphosidae,Girella mezina,C,100,HIGH,S,reef-associated,NA,NA
Taxa0479,Perciformes,391_Kyphosidae,Kyphosidae,Girella punctata,C,100,HIGH,S,reef-associated,NA,NA
Taxa0480,Perciformes,391_Kyphosidae,Kyphosidae,Kyphosus bigibbus,C,99.99,HIGH,S,reef-associated,2,NA
Taxa0481,Perciformes,391_Kyphosidae,Kyphosidae,Kyphosus cinerascens,C,100,MODERATE,S,reef-associated,1,45
Taxa0482,Perciformes,391_Kyphosidae,Kyphosidae,Kyphosus vaigiensis,C,99.99,MODERATE,S,reef-associated,0,40
Taxa0483,Perciformes,391_Kyphosidae,Kyphosidae,Labracoglossa argenteiventris,C,99.97,HIGH,S,reef-associated,NA,NA
Taxa0484,Perciformes,391_Kyphosidae,Kyphosidae,Microcanthus strigatus,C,99.99,HIGH,BS,reef-associated,1,140
Taxa0485,Perciformes,393_Chaetodontidae,Chaetodontidae,Chaetodon adiergastos,C,99.4,LOW,S,reef-associated,1,30
Taxa0486,Perciformes,393_Chaetodontidae,Chaetodontidae,Chaetodon auriga,C,99.95,MODERATE,S,reef-associated,1,60
Taxa0487,Perciformes,393_Chaetodontidae,Chaetodontidae,Chaetodon auripes,C,100,MODERATE,S,reef-associated,1,30
Taxa0488,Perciformes,393_Chaetodontidae,Chaetodontidae,Chaetodon lunula,C,99.92,LOW,S,reef-associated,0,170
Taxa0489,Perciformes,393_Chaetodontidae,Chaetodontidae,Chaetodon nippon,C,100,HIGH,S,reef-associated,5,30
Taxa0490,Perciformes,393_Chaetodontidae,Chaetodontidae,Chaetodon vagabundus,C,100,HIGH,S,reef-associated,5,30
Taxa0491,Perciformes,394_Pomacanthidae,Pomacanthidae,Chaetodontoplus septentrionalis,C,100,LOW,S,reef-associated,5,15
Taxa0492,Perciformes,394_Pomacanthidae,Pomacanthidae,Pomacanthus semicirculatus,C,100,HIGH,S,reef-associated,1,40
Taxa0493,Perciformes,396_Pentacerotidae,Pentacerotidae,Evistias acutirostris,C,100,HIGH,S,reef-associated,18,193
Taxa0494,Perciformes,396_Pentacerotidae,Pentacerotidae,U98.5_Histiopterus typus,C,95.3,MODERATE,S,reef-associated,40,421
Taxa0495,Perciformes,399_Teraponidae,Teraponidae,Rhynchopelates oxyrhynchus,C,100,HIGH,FBS,benthopelagic,NA,NA
Taxa0496,Perciformes,399_Teraponidae,Teraponidae,Terapon jarbua,C,100,HIGH,FBS,demersal,20,350
Taxa0497,Perciformes,400_Kuhliidae,Kuhliidae,Kuhlia mugil,C,100,HIGH,BS,reef-associated,3,18
Taxa0498,Perciformes,401_Oplegnathidae,Oplegnathidae,Oplegnathus fasciatus,C,99.99,HIGH,S,reef-associated,1,10
Taxa0499,Perciformes,401_Oplegnathidae,Oplegnathidae,Oplegnathus punctatus,C,99.97,HIGH,S,reef-associated,3,135
Taxa0500,Perciformes,402_Cirrhitidae,Cirrhitidae,Cirrhitichthys aurens,C,100,HIGH,NA,NA,NA,NA
Taxa0501,Perciformes,402_Cirrhitidae,Cirrhitidae,Cirrhitichthys oxycephalus,Ex,100,HIGH,S,reef-associated,1,40
Taxa0502,Perciformes,402_Cirrhitidae,Cirrhitidae,Cirrhitus pinnulatus,C,100,HIGH,S,reef-associated,0,23
Taxa0503,Perciformes,402_Cirrhitidae,Cirrhitidae,Oxycirrhites typus,C,100,HIGH,S,reef-associated,0,100
Taxa0504,Perciformes,405_Cheilodactylidae,Cheilodactylidae,Cheilodactylus zebra,C,100,HIGH,S,reef-associated,NA,NA
Taxa0505,Perciformes,405_Cheilodactylidae,Cheilodactylidae,Cheilodactylus zonatus,C,99.98,LOW,S,benthopelagic,NA,NA
Taxa0506,Perciformes,405_Cheilodactylidae,Cheilodactylidae,U98.5_Cheilodactylus zonatus gotu1,C,98.2,LOW,S,benthopelagic,NA,NA
Taxa0507,Perciformes,407_Cepolidae,Cepolidae,Acanthocepola indica,C,100,HIGH,S,benthopelagic,NA,300
Taxa0508,Perciformes,409_Cichlidae,Cichlidae,Etroplus suratensis,C,100,HIGH,B,benthopelagic,10,NA
Taxa0509,Perciformes,410_Embiotocidae,Embiotocidae,Ditrema jordani,C,100,HIGH,S,demersal,NA,NA
Taxa0510,Perciformes,410_Embiotocidae,Embiotocidae,Ditrema temminckii temminckii,C,100,LOW,NA,NA,NA,NA
Taxa0511,Perciformes,410_Embiotocidae,Embiotocidae,Neoditrema ransonneti,C,99.96,HIGH,NA,NA,NA,NA
Taxa0512,Perciformes,410_Embiotocidae,Embiotocidae,U98.5_Ditrema jordani,C,91.7,LOW,S,demersal,NA,NA
Taxa0513,Perciformes,411_Pomacentridae,Pomacentridae,Abudefduf bengalensis,C,100,HIGH,S,reef-associated,1,6
Taxa0514,Perciformes,411_Pomacentridae,Pomacentridae,Abudefduf notatus,C,100,HIGH,S,reef-associated,1,12
Taxa0515,Perciformes,411_Pomacentridae,Pomacentridae,Abudefduf saxatilis,C,98.8,LOW,S,reef-associated,0,20
Taxa0516,Perciformes,411_Pomacentridae,Pomacentridae,Abudefduf septemfasciatus,C,100,HIGH,S,reef-associated,0,3
Taxa0517,Perciformes,411_Pomacentridae,Pomacentridae,Abudefduf sexfasciatus,C,99.99,LOW,S,reef-associated,1,20
Taxa0518,Perciformes,411_Pomacentridae,Pomacentridae,Abudefduf sordidus,C,99.96,HIGH,BS,reef-associated,0,3
Taxa0519,Perciformes,411_Pomacentridae,Pomacentridae,Abudefduf vaigiensis,C,99.98,MODERATE,S,reef-associated,1,15
Taxa0520,Perciformes,411_Pomacentridae,Pomacentridae,Chromis notata notata,C,100,HIGH,S,reef-associated,2,15
Taxa0521,Perciformes,411_Pomacentridae,Pomacentridae,Chrysiptera biocellata,C,100,LOW,S,reef-associated,0,5
Taxa0522,Perciformes,411_Pomacentridae,Pomacentridae,Plectroglyphidodon leucozonus,C,99.9,HIGH,S,reef-associated,0,6
Taxa0523,Perciformes,411_Pomacentridae,Pomacentridae,Pomacentrus caeruleopunctatus,C,99.99,LOW,S,reef-associated,7,10
Taxa0524,Perciformes,411_Pomacentridae,Pomacentridae,Pomacentrus pavo,C,100,MODERATE,S,reef-associated,1,18
Taxa0525,Perciformes,411_Pomacentridae,Pomacentridae,Stegastes altus,C,99.91,HIGH,S,reef-associated,5,20
Taxa0526,Perciformes,411_Pomacentridae,Pomacentridae,U98.5_Abudefduf saxatilis gotu1,C,97,LOW,S,reef-associated,0,20
Taxa0527,Perciformes,412_Labridae,Labridae,Bodianus izuensis,C,100,HIGH,S,reef-associated,30,70
Taxa0528,Perciformes,412_Labridae,Labridae,Bodianus oxycephalus,C,100,HIGH,S,reef-associated,NA,NA
Taxa0529,Perciformes,412_Labridae,Labridae,Cheilinus fasciatus,Ex,100,HIGH,S,reef-associated,4,60
Taxa0530,Perciformes,412_Labridae,Labridae,Choerodon azurio,C,100,HIGH,S,reef-associated,NA,NA
Taxa0531,Perciformes,412_Labridae,Labridae,Choerodon margaritiferus,Ex,100,HIGH,S,demersal,NA,72
Taxa0532,Perciformes,412_Labridae,Labridae,Halichoeres chloropterus,Ex,100,HIGH,S,reef-associated,0,10
Taxa0533,Perciformes,412_Labridae,Labridae,Halichoeres poecilopterus,C,99.99,MODERATE,NA,NA,NA,NA
Taxa0534,Perciformes,412_Labridae,Labridae,Halichoeres tenuispinis,C,100,HIGH,S,reef-associated,0,4
Taxa0535,Perciformes,412_Labridae,Labridae,Labroides dimidiatus,C,100,HIGH,S,reef-associated,1,40
Taxa0536,Perciformes,412_Labridae,Labridae,Pseudojuloides elongatus,C,100,HIGH,S,reef-associated,5,50
Taxa0537,Perciformes,412_Labridae,Labridae,Pseudolabrus eoethinus,C,99.99,HIGH,S,reef-associated,NA,NA
Taxa0538,Perciformes,412_Labridae,Labridae,Pseudolabrus sieboldi,C,99.95,HIGH,S,demersal,NA,NA
Taxa0539,Perciformes,412_Labridae,Labridae,Pteragogus aurigarius,C,100,HIGH,S,reef-associated,NA,NA
Taxa0540,Perciformes,412_Labridae,Labridae,Semicossyphus reticulatus,C,99.99,HIGH,S,demersal,NA,NA
Taxa0541,Perciformes,412_Labridae,Labridae,Stethojulis interrupta terina,C,99.99,HIGH,S,reef-associated,NA,18
Taxa0542,Perciformes,412_Labridae,Labridae,Suezichthys gracilis,C,100,HIGH,S,reef-associated,NA,NA
Taxa0543,Perciformes,412_Labridae,Labridae,Thalassoma amblycephalum,C,100,MODERATE,S,reef-associated,1,15
Taxa0544,Perciformes,412_Labridae,Labridae,Thalassoma cupido,C,100,HIGH,S,demersal,NA,NA
Taxa0545,Perciformes,412_Labridae,Labridae,Thalassoma lunare,C,100,LOW,S,reef-associated,1,20
Taxa0546,Perciformes,412_Labridae,Labridae,Thalassoma lutescens,C,100,LOW,S,reef-associated,1,30
Taxa0547,Perciformes,412_Labridae,Labridae,Thalassoma quinquevittatum,C,99.57,MODERATE,S,reef-associated,0,40
Taxa0548,Perciformes,412_Labridae,Labridae,Thalassoma trilobatum,C,100,LOW,S,reef-associated,0,10
Taxa0549,Perciformes,412_Labridae,Labridae,U98.5_Stethojulis interrupta terina,C,98.2,MODERATE,S,reef-associated,NA,18
Taxa0550,Perciformes,414_Scaridae,Scaridae,Calotomus japonicus,C,99.97,HIGH,S,reef-associated,NA,NA
Taxa0551,Perciformes,414_Scaridae,Scaridae,Calotomus spinidens,C,100,HIGH,S,reef-associated,1,72
Taxa0552,Perciformes,414_Scaridae,Scaridae,Leptoscarus vaigiensis,C,100,HIGH,S,reef-associated,1,15
Taxa0553,Perciformes,414_Scaridae,Scaridae,Scarus chameleon,C,99.7,LOW,S,reef-associated,3,30
Taxa0554,Perciformes,414_Scaridae,Scaridae,Scarus ovifrons,C,100,HIGH,S,reef-associated,NA,NA
Taxa0555,Perciformes,416_Zoarcidae,Zoarcidae,Lycodes tanakae,Ex,100,LOW,S,bathydemersal,10,1100
Taxa0556,Perciformes,416_Zoarcidae,Zoarcidae,Lycodes teraoi,Ex,100,MODERATE,S,demersal,NA,NA
Taxa0557,Perciformes,417_Stichaeidae,Stichaeidae,Dictyosoma burgeri Form a,C,99.89,HIGH,S,demersal,NA,NA
Taxa0558,Perciformes,417_Stichaeidae,Stichaeidae,Dictyosoma rubrimaculatum,C,99.97,HIGH,S,reef-associated,NA,NA
Taxa0559,Perciformes,417_Stichaeidae,Stichaeidae,Eumesogrammus praecisus,C,98.8,LOW,S,benthopelagic,5,400
Taxa0560,Perciformes,417_Stichaeidae,Stichaeidae,Opisthocentrus tenuis,Ex,100,HIGH,S,demersal,1,300
Taxa0561,Perciformes,417_Stichaeidae,Stichaeidae,Zoarchias glaber,C,99.94,HIGH,S,demersal,NA,NA
Taxa0562,Perciformes,417_Stichaeidae,Stichaeidae,Zoarchias neglectus,C,100,HIGH,S,demersal,NA,NA
Taxa0563,Perciformes,419_Pholidae,Pholidae,Pholis clemensi,C,99.38,LOW,S,demersal,7,64
Taxa0564,Perciformes,419_Pholidae,Pholidae,Pholis crassispina,C,100,HIGH,S,demersal,0,5
Taxa0565,Perciformes,419_Pholidae,Pholidae,Pholis nebulosa,C,99.62,LOW,S,demersal,0,200
Taxa0566,Perciformes,433_Champsodontidae,Champsodontidae,Champsodon pantolepis,D,100,HIGH,S,bathydemersal,NA,406
Taxa0567,Perciformes,433_Champsodontidae,Champsodontidae,Champsodon snyderi,D,100,HIGH,S,demersal,NA,370
Taxa0568,Perciformes,433_Champsodontidae,Champsodontidae,Champsodon vorax,D,100,HIGH,S,demersal,34,84
Taxa0569,Perciformes,433_Champsodontidae,Champsodontidae,U98.5_Champsodon snyderi,D,94.7,HIGH,S,demersal,NA,370
Taxa0570,Perciformes,435_Pinguipedidae,Pinguipedidae,Parapercis diplospilus,C,99.4,HIGH,S,demersal,20,50
Taxa0571,Perciformes,435_Pinguipedidae,Pinguipedidae,Parapercis kentingensis,Ex,100,HIGH,S,benthopelagic,50,150
Taxa0572,Perciformes,435_Pinguipedidae,Pinguipedidae,Parapercis lutevittata,Ex,100,HIGH,S,demersal,50,100
Taxa0573,Perciformes,435_Pinguipedidae,Pinguipedidae,Parapercis pulchella,C,100,HIGH,S,demersal,NA,NA
Taxa0574,Perciformes,435_Pinguipedidae,Pinguipedidae,Parapercis snyderi,C,100,HIGH,S,reef-associated,10,40
Taxa0575,Perciformes,437_Trichonotidae,Trichonotidae,Trichonotus setiger,C,100,HIGH,BS,reef-associated,10,80
Taxa0576,Perciformes,437_Trichonotidae,Trichonotidae,Trichonotus sp BSKU 65703,C,99.4,HIGH,NA,NA,NA,NA
Taxa0577,Perciformes,439_Percophidae,Percophidae,U98.5_Bembrops curvatura gotu1,D,87.97,LOW,S,demersal,100,280
Taxa0578,Perciformes,441_Ammodytidae,Ammodytidae,Ammodytes personatus,C,99.7,LOW,S,demersal,0,172
Taxa0579,Perciformes,441_Ammodytidae,Ammodytidae,U98.5_Ammodytes hexapterus,C,95.2,LOW,BS,benthopelagic,0,275
Taxa0580,Perciformes,443_Uranoscopidae,Uranoscopidae,Uranoscopus chinensis,C,100,HIGH,S,benthopelagic,7,64
Taxa0581,Perciformes,443_Uranoscopidae,Uranoscopidae,Uranoscopus japonicus,D,99.94,HIGH,S,bathydemersal,250,300
Taxa0582,Perciformes,443_Uranoscopidae,Uranoscopidae,Uranoscopus sp KAUM I 94698,Ex,100,HIGH,NA,NA,NA,NA
Taxa0583,Perciformes,445_Tripterygiidae,Tripterygiidae,Enneapterygius erythrosoma,C,100,HIGH,NA,NA,NA,NA
Taxa0584,Perciformes,445_Tripterygiidae,Tripterygiidae,Enneapterygius etheostomus,C,99.97,HIGH,S,demersal,0,21
Taxa0585,Perciformes,445_Tripterygiidae,Tripterygiidae,Enneapterygius fuscoventer,C,100,LOW,S,reef-associated,0,5
Taxa0586,Perciformes,445_Tripterygiidae,Tripterygiidae,Enneapterygius leucopunctatus,C,99.85,HIGH,S,demersal,0,12
Taxa0587,Perciformes,445_Tripterygiidae,Tripterygiidae,Enneapterygius philippinus,C,100,HIGH,S,reef-associated,0,8
Taxa0588,Perciformes,445_Tripterygiidae,Tripterygiidae,Enneapterygius phoenicosoma,C,100,HIGH,NA,NA,NA,NA
Taxa0589,Perciformes,445_Tripterygiidae,Tripterygiidae,Enneapterygius sp KAUM I 101347,C,100,HIGH,NA,NA,NA,NA
Taxa0590,Perciformes,445_Tripterygiidae,Tripterygiidae,Springerichthys bapturus,C,100,HIGH,S,demersal,NA,NA
Taxa0591,Perciformes,447_Blenniidae,Blenniidae,Andamia tetradactyla,C,100,HIGH,NA,NA,NA,NA
Taxa0592,Perciformes,447_Blenniidae,Blenniidae,Cirripectes imitator,C,99.8,HIGH,S,reef-associated,0,10
Taxa0593,Perciformes,447_Blenniidae,Blenniidae,Entomacrodus caudofasciatus,C,99.47,HIGH,S,reef-associated,0,3
Taxa0594,Perciformes,447_Blenniidae,Blenniidae,Entomacrodus stellifer stellifer,C,100,HIGH,S,reef-associated,NA,NA
Taxa0595,Perciformes,447_Blenniidae,Blenniidae,Entomacrodus striatus,C,99.9,HIGH,S,reef-associated,0,3
Taxa0596,Perciformes,447_Blenniidae,Blenniidae,Entomacrodus thalassinus,C,99.77,HIGH,S,reef-associated,0,5
Taxa0597,Perciformes,447_Blenniidae,Blenniidae,Istiblennius edentulus,C,99.67,LOW,BS,reef-associated,0,5
Taxa0598,Perciformes,447_Blenniidae,Blenniidae,Istiblennius enosimae,C,99.99,MODERATE,NA,NA,NA,NA
Taxa0599,Perciformes,447_Blenniidae,Blenniidae,Omobranchus elegans,C,99.99,HIGH,S,demersal,NA,NA
Taxa0600,Perciformes,447_Blenniidae,Blenniidae,Omobranchus smithi,C,100,HIGH,S,demersal,NA,NA
Taxa0601,Perciformes,447_Blenniidae,Blenniidae,Parablennius yatabei,C,99.97,HIGH,S,demersal,NA,NA
Taxa0602,Perciformes,447_Blenniidae,Blenniidae,Petroscirtes breviceps,C,100,MODERATE,BS,reef-associated,1,15
Taxa0603,Perciformes,447_Blenniidae,Blenniidae,Petroscirtes mitratus,C,100,HIGH,S,reef-associated,0,8
Taxa0604,Perciformes,447_Blenniidae,Blenniidae,Praealticus margaritarius,C,100,HIGH,S,demersal,NA,NA
Taxa0605,Perciformes,447_Blenniidae,Blenniidae,Rhabdoblennius nitidus,C,100,HIGH,S,reef-associated,0,2
Taxa0606,Perciformes,447_Blenniidae,Blenniidae,Salarias luctuosus,C,100,HIGH,S,reef-associated,NA,NA
Taxa0607,Perciformes,447_Blenniidae,Blenniidae,U98.5_Entomacrodus caudofasciatus,C,92.8,MODERATE,S,reef-associated,0,3
Taxa0608,Perciformes,447_Blenniidae,Blenniidae,U98.5_Entomacrodus striatus gotu1,C,90.4,LOW,S,reef-associated,0,3
Taxa0609,Perciformes,447_Blenniidae,Blenniidae,U98.5_Entomacrodus striatus gotu2,C,94.6,MODERATE,S,reef-associated,0,3
Taxa0610,Perciformes,447_Blenniidae,Blenniidae,U98.5_Entomacrodus thalassinus,C,95.2,HIGH,S,reef-associated,0,5
Taxa0611,Perciformes,447_Blenniidae,Blenniidae,U98.5_Istiblennius edentulus gotu1,C,91,LOW,BS,reef-associated,0,5
Taxa0612,Perciformes,447_Blenniidae,Blenniidae,U98.5_Istiblennius edentulus gotu2,C,85.5,LOW,BS,reef-associated,0,5
Taxa0613,Perciformes,447_Blenniidae,Blenniidae,U98.5_Parablennius yatabei gotu1,C,95.82,MODERATE,S,demersal,NA,NA
Taxa0614,Perciformes,447_Blenniidae,Blenniidae,U98.5_Petroscirtes breviceps,C,89.8,LOW,BS,reef-associated,1,15
Taxa0615,Perciformes,447_Blenniidae,Blenniidae,U98.5_Scartella cristata,C,97,HIGH,S,reef-associated,0,10
Taxa0616,Perciformes,450_Chaenopsidae,Chaenopsidae,Neoclinus bryope,C,100,HIGH,S,demersal,NA,NA
Taxa0617,Perciformes,450_Chaenopsidae,Chaenopsidae,U98.5_Neoclinus bryope gotu1,C,89.35,LOW,S,demersal,NA,NA
Taxa0618,Perciformes,450_Chaenopsidae,Chaenopsidae,U98.5_Neoclinus nudus gotu1,C,93.88,LOW,S,reef-associated,NA,4
Taxa0619,Perciformes,450_Chaenopsidae,Chaenopsidae,U98.5_Neoclinus nudus gotu2,C,93.12,LOW,S,reef-associated,NA,4
Taxa0620,Perciformes,450_Chaenopsidae,Chaenopsidae,U98.5_Neoclinus nudus gotu3,C,92.3,LOW,S,reef-associated,NA,4
Taxa0621,Perciformes,450_Chaenopsidae,Chaenopsidae,U98.5_Neoclinus nudus gotu4,C,94.32,MODERATE,S,reef-associated,NA,4
Taxa0622,Perciformes,450_Chaenopsidae,Chaenopsidae,U98.5_Neoclinus nudus gotu5,C,93.5,MODERATE,S,reef-associated,NA,4
Taxa0623,Perciformes,450_Chaenopsidae,Chaenopsidae,U98.5_Neoclinus nudus gotu6,C,93.58,LOW,S,reef-associated,NA,4
Taxa0624,Perciformes,450_Chaenopsidae,Chaenopsidae,U98.5_Neoclinus nudus gotu7,C,92.9,LOW,S,reef-associated,NA,4
Taxa0625,Perciformes,452_Gobiesocidae,Gobiesocidae,Aspasma minima,C,99.99,HIGH,S,demersal,NA,NA
Taxa0626,Perciformes,452_Gobiesocidae,Gobiesocidae,Conidens laticephalus,C,99.99,HIGH,S,demersal,NA,NA
Taxa0627,Perciformes,452_Gobiesocidae,Gobiesocidae,Lepadichthys frenatus,C,98.8,HIGH,S,reef-associated,1,6
Taxa0628,Perciformes,452_Gobiesocidae,Gobiesocidae,U98.5_Discotrema lineata,C,85.5,LOW,NA,NA,NA,NA
Taxa0629,Perciformes,452_Gobiesocidae,Gobiesocidae,U98.5_Lepadichthys frenatus gotu1,C,90.3,LOW,S,reef-associated,1,6
Taxa0630,Perciformes,453_Callionymidae,Callionymidae,Callionymus enneactis,C,100,LOW,BS,reef-associated,1,15
Taxa0631,Perciformes,453_Callionymidae,Callionymidae,Callionymus guenther,C,100,MODERATE,NA,NA,NA,NA
Taxa0632,Perciformes,453_Callionymidae,Callionymidae,Calliurichthys izuensis,C,100,HIGH,NA,NA,NA,NA
Taxa0633,Perciformes,453_Callionymidae,Callionymidae,Paradiplogrammus enneactis,C,100,HIGH,NA,NA,NA,NA
Taxa0634,Perciformes,453_Callionymidae,Callionymidae,Repomucenus beniteguri,C,99.97,LOW,NA,NA,NA,NA
Taxa0635,Perciformes,453_Callionymidae,Callionymidae,Repomucenus curvicornis,C,99.86,LOW,NA,NA,NA,NA
Taxa0636,Perciformes,453_Callionymidae,Callionymidae,Repomucenus sp KAUM I 94720,C,100,HIGH,NA,NA,NA,NA
Taxa0637,Perciformes,453_Callionymidae,Callionymidae,Repomucenus valenciennei,C,100,HIGH,NA,NA,NA,NA
Taxa0638,Perciformes,453_Callionymidae,Callionymidae,U98.5_Callionymus meridionalis gotu1,C,87.18,LOW,S,demersal,NA,70
Taxa0639,Perciformes,453_Callionymidae,Callionymidae,U98.5_Calliurichthys izuensis gotu1,C,91.32,LOW,NA,NA,NA,NA
Taxa0640,Perciformes,453_Callionymidae,Callionymidae,U98.5_Repomucenus valenciennei gotu1,C,97.5,HIGH,NA,NA,NA,NA
Taxa0641,Perciformes,453_Callionymidae,Callionymidae,U98.5_Repomucenus valenciennei gotu2,C,85.3,LOW,NA,NA,NA,NA
Taxa0642,Perciformes,456_Odontobutidae,Odontobutidae,Odontobutis obscura,F,100,HIGH,F,benthopelagic,NA,NA
Taxa0643,Perciformes,456_Odontobutidae,Odontobutidae,Odontobutis potamophila,Ex,99.7,HIGH,F,benthopelagic,NA,NA
Taxa0644,Perciformes,457_Eleotridae,Eleotridae,Bostrychus zonatus,Ex,100,HIGH,FB,demersal,NA,NA
Taxa0645,Perciformes,457_Eleotridae,Eleotridae,Eleotris oxycephala,C,100,HIGH,FBS,demersal,NA,NA
Taxa0646,Perciformes,460_Gobiidae,Gobiidae,Acanthogobius flavimanus,C,99.99,HIGH,FBS,demersal,1,6
Taxa0647,Perciformes,460_Gobiidae,Gobiidae,Acanthogobius lactipes,C,99.8,HIGH,FBS,demersal,NA,NA
Taxa0648,Perciformes,460_Gobiidae,Gobiidae,Acentrogobius multifasciatus,C,100,HIGH,BS,demersal,NA,NA
Taxa0649,Perciformes,460_Gobiidae,Gobiidae,Acentrogobius pflaumii,C,100,HIGH,BS,demersal,NA,NA
Taxa0650,Perciformes,460_Gobiidae,Gobiidae,Acentrogobius virgatulus,C,100,HIGH,NA,NA,NA,NA
Taxa0651,Perciformes,460_Gobiidae,Gobiidae,Amblygobius phalaena,C,100,HIGH,S,reef-associated,NA,52
Taxa0652,Perciformes,460_Gobiidae,Gobiidae,Asterropteryx semipunctata,C,100,HIGH,S,reef-associated,1,20
Taxa0653,Perciformes,460_Gobiidae,Gobiidae,Astrabe lacticella,C,100,HIGH,NA,NA,NA,NA
Taxa0654,Perciformes,460_Gobiidae,Gobiidae,Barbuligobius boehlkei,C,100,HIGH,S,demersal,1,15
Taxa0655,Perciformes,460_Gobiidae,Gobiidae,Bathygobius coalitus,C,100,HIGH,S,reef-associated,0,5
Taxa0656,Perciformes,460_Gobiidae,Gobiidae,Bathygobius cocosensis,C,99.97,HIGH,BS,reef-associated,0,10
Taxa0657,Perciformes,460_Gobiidae,Gobiidae,Bathygobius cyclopterus,C,100,HIGH,BS,reef-associated,0,20
Taxa0658,Perciformes,460_Gobiidae,Gobiidae,Bathygobius fuscus,C,99.99,HIGH,FBS,reef-associated,0,6
Taxa0659,Perciformes,460_Gobiidae,Gobiidae,Bathygobius laddi,C,99.4,HIGH,S,reef-associated,NA,NA
Taxa0660,Perciformes,460_Gobiidae,Gobiidae,Bathygobius cotticeps,C,100,HIGH,NA,NA,NA,NA
Taxa0661,Perciformes,460_Gobiidae,Gobiidae,Callogobius snelliusi,C,100,HIGH,S,reef-associated,3,15
Taxa0662,Perciformes,460_Gobiidae,Gobiidae,Callogobius sp KAUM I 104414,C,100,HIGH,NA,NA,NA,NA
Taxa0663,Perciformes,460_Gobiidae,Gobiidae,Callogobius sp KAUM I 99028,C,100,HIGH,NA,NA,NA,NA
Taxa0664,Perciformes,460_Gobiidae,Gobiidae,Chaenogobius annularis,C,99.99,HIGH,F,demersal,NA,NA
Taxa0665,Perciformes,460_Gobiidae,Gobiidae,Chaenogobius gulosus,C,99.99,HIGH,BS,demersal,0,2
Taxa0666,Perciformes,460_Gobiidae,Gobiidae,Clariger cosmurus,C,99.96,HIGH,S,demersal,NA,NA
Taxa0667,Perciformes,460_Gobiidae,Gobiidae,Clariger papillosus,C,99.99,HIGH,S,demersal,NA,NA
Taxa0668,Perciformes,460_Gobiidae,Gobiidae,Clariger sp CBM ZF 18879,C,99.98,HIGH,NA,NA,NA,NA
Taxa0669,Perciformes,460_Gobiidae,Gobiidae,Clariger sp SHIROHIGE SEJIROHAZE,C,99.94,HIGH,NA,NA,NA,NA
Taxa0670,Perciformes,460_Gobiidae,Gobiidae,Clariger sp SHIROHIGE SEJIROHAZE Genetype2,C,99.99,HIGH,NA,NA,NA,NA
Taxa0671,Perciformes,460_Gobiidae,Gobiidae,Drombus sp KUROKO HAZE,C,100,HIGH,NA,NA,NA,NA
Taxa0672,Perciformes,460_Gobiidae,Gobiidae,Elacatinus oceanops,Ex,100,HIGH,S,reef-associated,1,45
Taxa0673,Perciformes,460_Gobiidae,Gobiidae,Eviota abax,C,99.99,HIGH,S,reef-associated,NA,NA
Taxa0674,Perciformes,460_Gobiidae,Gobiidae,Eviota guttata,C,100,HIGH,S,reef-associated,1,15
Taxa0675,Perciformes,460_Gobiidae,Gobiidae,Eviota korechika,C,100,HIGH,S,benthopelagic,0,60
Taxa0676,Perciformes,460_Gobiidae,Gobiidae,Eviota masudai,C,100,HIGH,S,reef-associated,2,64
Taxa0677,Perciformes,460_Gobiidae,Gobiidae,Eviota punctulata,C,99.4,HIGH,S,reef-associated,1,29
Taxa0678,Perciformes,460_Gobiidae,Gobiidae,Favonigobius gymnauchen,C,99.88,HIGH,FBS,reef-associated,NA,NA
Taxa0679,Perciformes,460_Gobiidae,Gobiidae,Favonigobius sp CBM ZF 19041,C,99.4,HIGH,NA,NA,NA,NA
Taxa0680,Perciformes,460_Gobiidae,Gobiidae,Gnatholepis cauerensis,C,99.4,HIGH,BS,reef-associated,2,50
Taxa0681,Perciformes,460_Gobiidae,Gobiidae,Gobiodon quinquestrigatus KAUM I 63272,C,100,HIGH,S,reef-associated,0,70
Taxa0682,Perciformes,460_Gobiidae,Gobiidae,Gymnogobius breunigii,C,99.9,HIGH,FB,demersal,NA,NA
Taxa0683,Perciformes,460_Gobiidae,Gobiidae,Gymnogobius cylindricus,C,100,LOW,BS,demersal,0,NA
Taxa0684,Perciformes,460_Gobiidae,Gobiidae,Gymnogobius heptacanthus,C,99.85,HIGH,S,demersal,NA,NA
Taxa0685,Perciformes,460_Gobiidae,Gobiidae,Gymnogobius opperiens,C,99.94,LOW,FBS,demersal,NA,NA
Taxa0686,Perciformes,460_Gobiidae,Gobiidae,Gymnogobius petschiliensis,C,100,MODERATE,FBS,demersal,NA,NA
Taxa0687,Perciformes,460_Gobiidae,Gobiidae,Gymnogobius castaneus,C,100,LOW,NA,NA,NA,NA
Taxa0688,Perciformes,460_Gobiidae,Gobiidae,Gymnogobius urotaenia,C,100,MODERATE,FBS,demersal,NA,NA
Taxa0689,Perciformes,460_Gobiidae,Gobiidae,Inu ama,C,99.92,HIGH,NA,NA,NA,NA
Taxa0690,Perciformes,460_Gobiidae,Gobiidae,Inu koma,C,99.74,HIGH,NA,NA,NA,NA
Taxa0691,Perciformes,460_Gobiidae,Gobiidae,Istigobius campbelli,C,99.97,LOW,S,demersal,3,14
Taxa0692,Perciformes,460_Gobiidae,Gobiidae,Istigobius campbelli KAUM I 66130,C,99.4,LOW,S,demersal,3,14
Taxa0693,Perciformes,460_Gobiidae,Gobiidae,Istigobius hoshinonis,C,100,HIGH,S,demersal,3,14
Taxa0694,Perciformes,460_Gobiidae,Gobiidae,Lentipes armatus,C,99.4,HIGH,FBS,benthopelagic,NA,NA
Taxa0695,Perciformes,460_Gobiidae,Gobiidae,Leucopsarion petersii,C,99.97,LOW,FBS,demersal,1,NA
Taxa0696,Perciformes,460_Gobiidae,Gobiidae,Luciogobius guttatus,C,99.7,MODERATE,FBS,demersal,1,NA
Taxa0697,Perciformes,460_Gobiidae,Gobiidae,Luciogobius parvulus,C,99.9,HIGH,S,demersal,NA,NA
Taxa0698,Perciformes,460_Gobiidae,Gobiidae,Luciogobius platycephalus,C,99.91,LOW,S,demersal,NA,NA
Taxa0699,Perciformes,460_Gobiidae,Gobiidae,Luciogobius platycephalus Genetype1,C,99.85,HIGH,S,demersal,NA,NA
Taxa0700,Perciformes,460_Gobiidae,Gobiidae,Luciogobius sp BAKE MIMIZU HAZE,C,100,LOW,NA,NA,NA,NA
Taxa0701,Perciformes,460_Gobiidae,Gobiidae,Paragobiodon kasaii,Ex,100,HIGH,S,reef-associated,2,16
Taxa0702,Perciformes,460_Gobiidae,Gobiidae,Paratrypauchen sp KAUM I 113116,Ex,100,MODERATE,NA,NA,NA,NA
Taxa0703,Perciformes,460_Gobiidae,Gobiidae,Parkraemeria saltator,C,99.4,HIGH,BS,benthopelagic,0,2
Taxa0704,Perciformes,460_Gobiidae,Gobiidae,Priolepis latifascima,C,100,HIGH,S,reef-associated,0,5
Taxa0705,Perciformes,460_Gobiidae,Gobiidae,Priolepis semidoliata,C,100,HIGH,S,reef-associated,2,30
Taxa0706,Perciformes,460_Gobiidae,Gobiidae,Priolepis sp CBM ZF 12222,Ex,100,LOW,NA,NA,NA,NA
Taxa0707,Perciformes,460_Gobiidae,Gobiidae,Pseudogobius masago,C,100,HIGH,B,demersal,NA,NA
Taxa0708,Perciformes,460_Gobiidae,Gobiidae,Pterogobius elapoides,C,99.99,LOW,S,demersal,NA,NA
Taxa0709,Perciformes,460_Gobiidae,Gobiidae,Pterogobius virgo,C,100,HIGH,S,demersal,NA,NA
Taxa0710,Perciformes,460_Gobiidae,Gobiidae,Pterogobius zonoleucus,C,99.94,HIGH,S,demersal,NA,NA
Taxa0711,Perciformes,460_Gobiidae,Gobiidae,Redigobius balteatus,Ex,100,HIGH,FBS,benthopelagic,0,5
Taxa0712,Perciformes,460_Gobiidae,Gobiidae,Redigobius bikolanus,C,100,HIGH,FBS,benthopelagic,0,5
Taxa0713,Perciformes,460_Gobiidae,Gobiidae,Rhinogobius spp.,C,100,LOW,FBS,demersal,NA,NA
Taxa0714,Perciformes,460_Gobiidae,Gobiidae,Rhinogobius flumineus,F,100,HIGH,F,benthopelagic,NA,NA
Taxa0715,Perciformes,460_Gobiidae,Gobiidae,Rhinogobius giurinus,C,99.9,HIGH,FBS,demersal,NA,NA
Taxa0716,Perciformes,460_Gobiidae,Gobiidae,Sagamia geneionema,C,99.93,HIGH,S,demersal,NA,NA
Taxa0717,Perciformes,460_Gobiidae,Gobiidae,Sicyopterus japonicus,C,100,HIGH,FBS,demersal,NA,NA
Taxa0718,Perciformes,460_Gobiidae,Gobiidae,Stenogobius sp TANEKAWA HAZE,C,100,LOW,NA,NA,NA,NA
Taxa0719,Perciformes,460_Gobiidae,Gobiidae,Stonogobiops xanthorhinica,C,99.9,HIGH,S,reef-associated,3,45
Taxa0720,Perciformes,460_Gobiidae,Gobiidae,Suruga fundicola,D,100,HIGH,S,demersal,80,300
Taxa0721,Perciformes,460_Gobiidae,Gobiidae,Taenioides cirratus,C,100,LOW,FBS,demersal,0,6
Taxa0722,Perciformes,460_Gobiidae,Gobiidae,Tridentiger bifasciatus,C,100,LOW,FBS,demersal,NA,NA
Taxa0723,Perciformes,460_Gobiidae,Gobiidae,Tridentiger obscurus,C,100,LOW,FBS,demersal,NA,NA
Taxa0724,Perciformes,460_Gobiidae,Gobiidae,Tridentiger trigonocephalus,C,99.99,HIGH,FBS,demersal,NA,NA
Taxa0725,Perciformes,460_Gobiidae,Gobiidae,Trimma caesiura,C,100,MODERATE,S,reef-associated,NA,70
Taxa0726,Perciformes,460_Gobiidae,Gobiidae,Trimma marinae,Ex,100,HIGH,S,reef-associated,9,26
Taxa0727,Perciformes,460_Gobiidae,Gobiidae,Trypauchen vagina,Ex,100,MODERATE,BS,demersal,NA,NA
Taxa0728,Perciformes,460_Gobiidae,Gobiidae,U98.5_Amoya moloanus,C,86.8,LOW,NA,NA,NA,NA
Taxa0729,Perciformes,460_Gobiidae,Gobiidae,U98.5_Astrabe lacticella gotu1,C,92.4,LOW,NA,NA,NA,NA
Taxa0730,Perciformes,460_Gobiidae,Gobiidae,U98.5_Bathygobius sp CBM ZF 17917,C,91,LOW,NA,NA,NA,NA
Taxa0731,Perciformes,460_Gobiidae,Gobiidae,U98.5_Chaenogobius annularis,C,98.2,HIGH,F,demersal,NA,NA
Taxa0732,Perciformes,460_Gobiidae,Gobiidae,U98.5_Clariger papillosus gotu1,C,92.1,LOW,S,demersal,NA,NA
Taxa0733,Perciformes,460_Gobiidae,Gobiidae,U98.5_Clariger papillosus gotu2,C,95.2,LOW,S,demersal,NA,NA
Taxa0734,Perciformes,460_Gobiidae,Gobiidae,U98.5_Eviota masudai gotu1,C,85.1,LOW,S,reef-associated,2,64
Taxa0735,Perciformes,460_Gobiidae,Gobiidae,U98.5_Luciogobius grandis gotu1,C,86.4,LOW,S,demersal,NA,NA
Taxa0736,Perciformes,460_Gobiidae,Gobiidae,U98.5_Luciogobius sp BAKE MIMIZU HAZE,C,97.6,LOW,NA,NA,NA,NA
Taxa0737,Perciformes,460_Gobiidae,Gobiidae,U98.5_Luciogobius sp DAIDAI ISO MIMIZU HAZE gotu1,C,86.65,LOW,NA,NA,NA,NA
Taxa0738,Perciformes,460_Gobiidae,Gobiidae,U98.5_Luciogobius sp MIZUHIKI NAGA MIMIZU HAZE gotu1,C,86.5,LOW,NA,NA,NA,NA
Taxa0739,Perciformes,460_Gobiidae,Gobiidae,U98.5_Luciogobius sp MIZUHIKI NAGA MIMIZU HAZE gotu2,C,85,LOW,NA,NA,NA,NA
Taxa0740,Perciformes,460_Gobiidae,Gobiidae,U98.5_Pterogobius zacalles,C,83.1,LOW,S,demersal,5,30
Taxa0741,Perciformes,460_Gobiidae,Gobiidae,Valenciennea longipinnis,C,100,HIGH,S,reef-associated,2,30
Taxa0742,Perciformes,460_Gobiidae,Gobiidae,Yongeichthys criniger,Ex,100,HIGH,BS,demersal,NA,NA
Taxa0743,Perciformes,461_Microdesmidae,Microdesmidae,U98.5_Gunnellichthys monostigma,C,88,LOW,S,reef-associated,1,20
Taxa0744,Perciformes,462_Ptereleotridae,Ptereleotridae,Parioglossus dotui,C,99.94,HIGH,BS,benthopelagic,0,5
Taxa0745,Perciformes,462_Ptereleotridae,Ptereleotridae,Ptereleotris hanae,C,99.4,HIGH,S,reef-associated,3,50
Taxa0746,Perciformes,462_Ptereleotridae,Ptereleotridae,Ptereleotris microlepis,C,100,HIGH,S,reef-associated,1,50
Taxa0747,Perciformes,462_Ptereleotridae,Ptereleotridae,U98.5_Ptereleotris hanae,C,98.2,HIGH,S,reef-associated,3,50
Taxa0748,Perciformes,465_Ephippidae,Ephippidae,Platax orbicularis,C,100,MODERATE,BS,reef-associated,5,30
Taxa0749,Perciformes,465_Ephippidae,Ephippidae,Platax teira,C,100,LOW,S,reef-associated,3,25
Taxa0750,Perciformes,465_Ephippidae,Ephippidae,U98.5_Platax teira gotu1,C,96.4,LOW,S,reef-associated,3,25
Taxa0751,Perciformes,465_Ephippidae,Ephippidae,U98.5_Platax teira gotu2,C,97.6,LOW,S,reef-associated,3,25
Taxa0752,Perciformes,467_Siganidae,Siganidae,Siganus fuscescens,C,100,LOW,BS,reef-associated,1,50
Taxa0753,Perciformes,467_Siganidae,Siganidae,Siganus spinus,C,99.95,MODERATE,S,reef-associated,1,50
Taxa0754,Perciformes,470_Acanthuridae,Acanthuridae,Acanthurus dussumieri,C,99.91,HIGH,S,reef-associated,4,131
Taxa0755,Perciformes,470_Acanthuridae,Acanthuridae,Acanthurus gahhm,C,99.4,LOW,S,reef-associated,1,40
Taxa0756,Perciformes,470_Acanthuridae,Acanthuridae,Acanthurus maculiceps,C,100,HIGH,S,reef-associated,1,15
Taxa0757,Perciformes,470_Acanthuridae,Acanthuridae,Acanthurus mata,C,99.4,MODERATE,S,reef-associated,5,100
Taxa0758,Perciformes,470_Acanthuridae,Acanthuridae,Acanthurus nigrofuscus,C,100,HIGH,S,reef-associated,0,25
Taxa0759,Perciformes,470_Acanthuridae,Acanthuridae,Acanthurus olivaceus,C,100,HIGH,S,reef-associated,3,46
Taxa0760,Perciformes,470_Acanthuridae,Acanthuridae,Acanthurus triostegus,C,99.62,HIGH,S,reef-associated,0,90
Taxa0761,Perciformes,470_Acanthuridae,Acanthuridae,Ctenochaetus striatus,C,100,HIGH,S,reef-associated,1,35
Taxa0762,Perciformes,470_Acanthuridae,Acanthuridae,Naso tuberosus,C,100,MODERATE,BS,reef-associated,NA,NA
Taxa0763,Perciformes,470_Acanthuridae,Acanthuridae,Naso unicornis,C,99.4,LOW,S,reef-associated,1,180
Taxa0764,Perciformes,470_Acanthuridae,Acanthuridae,Naso vlamingii,C,100,LOW,S,reef-associated,1,50
Taxa0765,Perciformes,470_Acanthuridae,Acanthuridae,Prionurus scalprum,C,99.98,HIGH,S,reef-associated,NA,NA
Taxa0766,Perciformes,470_Acanthuridae,Acanthuridae,Zebrasoma veliferum,C,100,MODERATE,S,reef-associated,1,45
Taxa0767,Perciformes,472_Sphyraenidae,Sphyraenidae,Sphyraena japonica,C,100,HIGH,S,pelagic-neritic,NA,NA
Taxa0768,Perciformes,472_Sphyraenidae,Sphyraenidae,Sphyraena obtusata,C,100,HIGH,BS,reef-associated,5,200
Taxa0769,Perciformes,472_Sphyraenidae,Sphyraenidae,Sphyraena pinguis Genetype1,C,99.96,HIGH,S,pelagic-neritic,3,6
Taxa0770,Perciformes,472_Sphyraenidae,Sphyraenidae,Sphyraena pinguis Genetype2,C,100,LOW,S,pelagic-neritic,3,6
Taxa0771,Perciformes,472_Sphyraenidae,Sphyraenidae,U98.5_Sphyraena obtusata gotu1,C,94.9,MODERATE,BS,reef-associated,5,200
Taxa0772,Perciformes,473_Gempylidae,Gempylidae,Diplospinus multistriatus,D,99.85,HIGH,S,benthopelagic,50,1000
Taxa0773,Perciformes,473_Gempylidae,Gempylidae,Nealotus tripes,D,100,HIGH,S,bathypelagic,914,1646
Taxa0774,Perciformes,473_Gempylidae,Gempylidae,Rexea bengalensis,D,100,HIGH,BS,benthopelagic,143,820
Taxa0775,Perciformes,473_Gempylidae,Gempylidae,Ruvettus pretiosus,D,100,HIGH,S,benthopelagic,100,800
Taxa0776,Perciformes,475_Scombridae,Scombridae,Acanthocybium solandri,C,100,LOW,S,pelagic-oceanic,0,20
Taxa0777,Perciformes,475_Scombridae,Scombridae,Auxis rochei,C,99.86,MODERATE,BS,pelagic-neritic,10,NA
Taxa0778,Perciformes,475_Scombridae,Scombridae,Euthynnus affinis,C,100,MODERATE,S,pelagic-neritic,0,200
Taxa0779,Perciformes,475_Scombridae,Scombridae,Katsuwonus pelamis,P,99.98,MODERATE,S,pelagic-oceanic,0,260
Taxa0780,Perciformes,475_Scombridae,Scombridae,Scomber spp.,C,99.98,LOW,S,pelagic-neritic,87,200
Taxa0781,Perciformes,475_Scombridae,Scombridae,Scomber scombrus,Ex,100,HIGH,BS,pelagic-neritic,0,1000
Taxa0782,Perciformes,475_Scombridae,Scombridae,Scomberomorus niphonius,C,100,HIGH,S,pelagic-neritic,0,200
Taxa0783,Perciformes,475_Scombridae,Scombridae,Scomberomorus sinensis,P,100,HIGH,FBS,pelagic-neritic,10,NA
Taxa0784,Perciformes,475_Scombridae,Scombridae,Thunnus alalunga,P,100,LOW,S,pelagic-oceanic,0,600
Taxa0785,Perciformes,475_Scombridae,Scombridae,Thunnus albacares,P,99.96,LOW,BS,pelagic-oceanic,1,250
Taxa0786,Perciformes,476_Xiphiidae,Xiphiidae,Xiphias gladius,P,100,HIGH,S,pelagic-oceanic,0,800
Taxa0787,Perciformes,477_Istiophoridae,Istiophoridae,Istiophoridae gen. sp.,P,100,LOW,S,pelagic-oceanic,0,200
Taxa0788,Perciformes,479_Centrolophidae,Centrolophidae,Psenopsis anomala,C,100,HIGH,S,benthopelagic,0,370
Taxa0789,Perciformes,479_Centrolophidae,Centrolophidae,Psenopsis shojimai,C,100,LOW,S,benthopelagic,NA,NA
Taxa0790,Perciformes,480_Nomeidae,Nomeidae,Psenes pellucidus,P,100,HIGH,S,bathypelagic,NA,1000
Taxa0791,Perciformes,481_Ariommatidae,Ariommatidae,Ariomma lurida,D,100,LOW,NA,NA,NA,NA
Taxa0792,Perciformes,486_Osphronemidae,Osphronemidae,Trichogaster fasciata,Ex,100,HIGH,F,benthopelagic,NA,NA
Taxa0793,Perciformes,486_Osphronemidae,Osphronemidae,Trichopsis vittata,Ex,99.4,HIGH,F,demersal,NA,NA
Taxa0794,Perciformes,488_Caproidae,Caproidae,Antigonia rubicunda,D,100,HIGH,S,bathydemersal,125,340
Taxa0795,Pleuronectiformes,492_Paralichthyidae,Paralichthyidae,Paralichthys olivaceus,C,99.94,HIGH,S,demersal,10,200
Taxa0796,Pleuronectiformes,492_Paralichthyidae,Paralichthyidae,Pseudorhombus cinnamoneus,C,100,HIGH,S,demersal,20,164
Taxa0797,Pleuronectiformes,492_Paralichthyidae,Paralichthyidae,Pseudorhombus pentophthalmus,C,99.4,HIGH,S,demersal,38,150
Taxa0798,Pleuronectiformes,493_Pleuronectidae,Pleuronectidae,Eopsetta grigorjewi,C,100,HIGH,S,demersal,60,1325
Taxa0799,Pleuronectiformes,493_Pleuronectidae,Pleuronectidae,Platichthys stellatus,Ex,100,LOW,NA,NA,NA,NA
Taxa0800,Pleuronectiformes,493_Pleuronectidae,Pleuronectidae,Kareius bicoloratus,C,99.92,MODERATE,FBS,demersal,NA,150
Taxa0801,Pleuronectiformes,493_Pleuronectidae,Pleuronectidae,Limanda aspera,Ex,100,LOW,S,demersal,0,700
Taxa0802,Pleuronectiformes,493_Pleuronectidae,Pleuronectidae,Pleuronichthys cornutus,C,100,HIGH,S,demersal,2,170
Taxa0803,Pleuronectiformes,493_Pleuronectidae,Pleuronectidae,Pleuronichthys japonicus,C,100,HIGH,S,benthopelagic,40,143
Taxa0804,Pleuronectiformes,493_Pleuronectidae,Pleuronectidae,Pseudopleuronectes yokohamae,C,99.92,LOW,S,demersal,NA,NA
Taxa0805,Pleuronectiformes,493_Pleuronectidae,Pleuronectidae,Reinhardtius hippoglossoides,C,99.4,LOW,S,benthopelagic,1,2200
Taxa0806,Pleuronectiformes,494_Bothidae,Bothidae,Bothus pantherinus,C,100,HIGH,S,reef-associated,3,150
Taxa0807,Pleuronectiformes,494_Bothidae,Bothidae,Laeops kitaharae,D,100,LOW,S,demersal,70,300
Taxa0808,Pleuronectiformes,494_Bothidae,Bothidae,Neolaeops microphthalmus,D,99.4,HIGH,S,bathydemersal,275,400
Taxa0809,Pleuronectiformes,501_Soleidae,Soleidae,Aseraggodes kobensis,C,100,HIGH,S,demersal,80,100
Taxa0810,Pleuronectiformes,501_Soleidae,Soleidae,Brachirus siamensis,Ex,100,HIGH,F,demersal,NA,NA
Taxa0811,Pleuronectiformes,501_Soleidae,Soleidae,Dexillus muelleri,Ex,100,HIGH,S,demersal,NA,NA
Taxa0812,Pleuronectiformes,501_Soleidae,Soleidae,Heteromycteris japonicus,C,100,LOW,S,demersal,NA,NA
Taxa0813,Pleuronectiformes,501_Soleidae,Soleidae,Pseudaesopia japonica,C,100,HIGH,S,demersal,1,68
Taxa0814,Pleuronectiformes,501_Soleidae,Soleidae,Zebrias quagga,C,100,LOW,S,demersal,NA,NA
Taxa0815,Pleuronectiformes,502_Cynoglossidae,Cynoglossidae,Cynoglossus interruptus,C,100,HIGH,S,demersal,50,150
Taxa0816,Pleuronectiformes,502_Cynoglossidae,Cynoglossidae,Cynoglossus joyneri,C,99.4,HIGH,S,demersal,20,70
Taxa0817,Pleuronectiformes,502_Cynoglossidae,Cynoglossidae,Cynoglossus puncticeps,C,100,HIGH,FBS,demersal,1,140
Taxa0818,Pleuronectiformes,502_Cynoglossidae,Cynoglossidae,Paraplagusia japonica,C,100,HIGH,S,demersal,20,65
Taxa0819,Pleuronectiformes,502_Cynoglossidae,Cynoglossidae,Symphurus cf microrhynchus,C,100,HIGH,NA,NA,NA,NA
Taxa0820,Tetraodontiformes,504_Triacanthidae,Triacanthidae,Triacanthus biaculeatus,C,99.96,HIGH,BS,demersal,NA,60
Taxa0821,Tetraodontiformes,505_Balistidae,Balistidae,Canthidermis maculata,C,100,LOW,S,reef-associated,1,110
Taxa0822,Tetraodontiformes,505_Balistidae,Balistidae,Melichthys niger,C,100,LOW,S,reef-associated,0,75
Taxa0823,Tetraodontiformes,505_Balistidae,Balistidae,Rhinecanthus rectangulus,C,100,HIGH,S,reef-associated,10,20
Taxa0824,Tetraodontiformes,505_Balistidae,Balistidae,Xanthichthys ringens,C,100,LOW,S,reef-associated,25,80
Taxa0825,Tetraodontiformes,506_Monacanthidae,Monacanthidae,Aluterus scriptus,C,100,LOW,S,reef-associated,3,120
Taxa0826,Tetraodontiformes,506_Monacanthidae,Monacanthidae,Brachaluteres ulvarum,C,100,HIGH,S,reef-associated,25,30
Taxa0827,Tetraodontiformes,506_Monacanthidae,Monacanthidae,Cantherhines pullus,C,100,LOW,S,reef-associated,3,50
Taxa0828,Tetraodontiformes,506_Monacanthidae,Monacanthidae,Paraluteres prionurus,C,100,HIGH,S,reef-associated,1,25
Taxa0829,Tetraodontiformes,506_Monacanthidae,Monacanthidae,Paramonacanthus choirocephalus,C,100,LOW,S,demersal,3,25
Taxa0830,Tetraodontiformes,506_Monacanthidae,Monacanthidae,Paramonacanthus pusillus,C,100,HIGH,S,demersal,28,79
Taxa0831,Tetraodontiformes,506_Monacanthidae,Monacanthidae,Rudarius ercodes,C,100,HIGH,S,reef-associated,NA,NA
Taxa0832,Tetraodontiformes,506_Monacanthidae,Monacanthidae,Stephanolepis cirrhifer,C,99.98,MODERATE,S,demersal,NA,NA
Taxa0833,Tetraodontiformes,506_Monacanthidae,Monacanthidae,Thamnaconus modestus,C,100,HIGH,S,reef-associated,NA,NA
Taxa0834,Tetraodontiformes,506_Monacanthidae,Monacanthidae,Thamnaconus tessellatus,D,98.8,LOW,S,bathydemersal,230,600
Taxa0835,Tetraodontiformes,507_Ostraciidae,Ostraciidae,Lactoria cornuta,C,100,HIGH,BS,reef-associated,1,100
Taxa0836,Tetraodontiformes,507_Ostraciidae,Ostraciidae,Lactoria diaphana,C,100,HIGH,BS,reef-associated,8,50
Taxa0837,Tetraodontiformes,507_Ostraciidae,Ostraciidae,Ostracion cubicus,C,99.99,LOW,S,reef-associated,1,280
Taxa0838,Tetraodontiformes,507_Ostraciidae,Ostraciidae,U98.5_Tetrosomus concatenatus gotu1,C,94.5,LOW,S,reef-associated,NA,60
Taxa0839,Tetraodontiformes,509_Tetraodontidae,Tetraodontidae,Arothron hispidus,C,99.85,HIGH,BS,reef-associated,1,50
Taxa0840,Tetraodontiformes,509_Tetraodontidae,Tetraodontidae,Canthigaster janthinoptera,C,100,LOW,S,reef-associated,1,30
Taxa0841,Tetraodontiformes,509_Tetraodontidae,Tetraodontidae,Canthigaster rivulata,C,99.98,MODERATE,S,reef-associated,0,350
Taxa0842,Tetraodontiformes,509_Tetraodontidae,Tetraodontidae,Canthigaster rostrata,C,100,MODERATE,S,reef-associated,1,40
Taxa0843,Tetraodontiformes,509_Tetraodontidae,Tetraodontidae,Dichotomyctere nigroviridis,Ex,100,MODERATE,FB,demersal,NA,NA
Taxa0844,Tetraodontiformes,509_Tetraodontidae,Tetraodontidae,Lagocephalus gloveri,C,100,HIGH,S,demersal,NA,NA
Taxa0845,Tetraodontiformes,509_Tetraodontidae,Tetraodontidae,Lagocephalus lagocephalus,C,100,HIGH,S,benthopelagic,10,476
Taxa0846,Tetraodontiformes,509_Tetraodontidae,Tetraodontidae,Lagocephalus sceleratus,C,100,HIGH,S,reef-associated,18,100
Taxa0847,Tetraodontiformes,509_Tetraodontidae,Tetraodontidae,Lagocephalus spadiceus,C,100,LOW,BS,demersal,NA,NA
Taxa0848,Tetraodontiformes,509_Tetraodontidae,Tetraodontidae,Takifugu fasciatus,C,99.99,LOW,NA,NA,NA,NA
Taxa0849,Tetraodontiformes,509_Tetraodontidae,Tetraodontidae,Takifugu niphobles,C,99.66,LOW,S,demersal,NA,NA
Taxa0850,Tetraodontiformes,509_Tetraodontidae,Tetraodontidae,Takifugu orbimaculatus,C,99.4,LOW,F,demersal,NA,NA
Taxa0851,Tetraodontiformes,509_Tetraodontidae,Tetraodontidae,Takifugu rubripes,C,100,LOW,FBS,demersal,NA,NA
Taxa0852,Tetraodontiformes,509_Tetraodontidae,Tetraodontidae,Takifugu stictonotus,C,100,LOW,S,demersal,NA,NA
Taxa0853,Tetraodontiformes,510_Diodontidae,Diodontidae,Chilomycterus reticulatus,C,100,LOW,S,reef-associated,20,100
Taxa0854,Tetraodontiformes,510_Diodontidae,Diodontidae,Diodon holocanthus,C,100,LOW,S,reef-associated,2,200
Taxa0855,Tetraodontiformes,511_Molidae,Molidae,Mola mola,C,100,MODERATE,S,pelagic-oceanic,30,480
Taxa0856,Lophiiformes,228_Antennariidae,Antennariidae,Antennatus nummifer,C,100,HIGH,S,reef-associated,0,293